CPU Reset (CPU 0)
EAX=00000000 EBX=00000000 ECX=00000000 EDX=00000000
ESI=00000000 EDI=00000000 EBP=00000000 ESP=00000000
EIP=00000000 EFL=00000000 [-------] CPL=0 II=0 A20=0 SMM=0 HLT=0
ES =0000 00000000 00000000 00000000
CS =0000 00000000 00000000 00000000
SS =0000 00000000 00000000 00000000
DS =0000 00000000 00000000 00000000
FS =0000 00000000 00000000 00000000
GS =0000 00000000 00000000 00000000
LDT=0000 00000000 00000000 00000000
TR =0000 00000000 00000000 00000000
GDT=     00000000 00000000
IDT=     00000000 00000000
CR0=00000000 CR2=00000000 CR3=00000000 CR4=00000000
DR0=00000000 DR1=00000000 DR2=00000000 DR3=00000000 
DR6=00000000 DR7=00000000
CCS=00000000 CCD=00000000 CCO=DYNAMIC
EFER=0000000000000000
FCW=0000 FSW=0000 [ST=0] FTW=ff MXCSR=00000000
FPR0=0000000000000000 0000 FPR1=0000000000000000 0000
FPR2=0000000000000000 0000 FPR3=0000000000000000 0000
FPR4=0000000000000000 0000 FPR5=0000000000000000 0000
FPR6=0000000000000000 0000 FPR7=0000000000000000 0000
XMM00=0000000000000000 0000000000000000 XMM01=0000000000000000 0000000000000000
XMM02=0000000000000000 0000000000000000 XMM03=0000000000000000 0000000000000000
XMM04=0000000000000000 0000000000000000 XMM05=0000000000000000 0000000000000000
XMM06=0000000000000000 0000000000000000 XMM07=0000000000000000 0000000000000000
CPU Reset (CPU 0)
EAX=00000000 EBX=00000000 ECX=00000000 EDX=00000663
ESI=00000000 EDI=00000000 EBP=00000000 ESP=00000000
EIP=0000fff0 EFL=00000002 [-------] CPL=0 II=0 A20=1 SMM=0 HLT=0
ES =0000 00000000 0000ffff 00009300
CS =f000 ffff0000 0000ffff 00009b00
SS =0000 00000000 0000ffff 00009300
DS =0000 00000000 0000ffff 00009300
FS =0000 00000000 0000ffff 00009300
GS =0000 00000000 0000ffff 00009300
LDT=0000 00000000 0000ffff 00008200
TR =0000 00000000 0000ffff 00008b00
GDT=     00000000 0000ffff
IDT=     00000000 0000ffff
CR0=60000010 CR2=00000000 CR3=00000000 CR4=00000000
DR0=00000000 DR1=00000000 DR2=00000000 DR3=00000000 
DR6=ffff0ff0 DR7=00000400
CCS=00000000 CCD=00000000 CCO=DYNAMIC
EFER=0000000000000000
FCW=037f FSW=0000 [ST=0] FTW=00 MXCSR=00001f80
FPR0=0000000000000000 0000 FPR1=0000000000000000 0000
FPR2=0000000000000000 0000 FPR3=0000000000000000 0000
FPR4=0000000000000000 0000 FPR5=0000000000000000 0000
FPR6=0000000000000000 0000 FPR7=0000000000000000 0000
XMM00=0000000000000000 0000000000000000 XMM01=0000000000000000 0000000000000000
XMM02=0000000000000000 0000000000000000 XMM03=0000000000000000 0000000000000000
XMM04=0000000000000000 0000000000000000 XMM05=0000000000000000 0000000000000000
XMM06=0000000000000000 0000000000000000 XMM07=0000000000000000 0000000000000000
SMM: enter
EAX=00000000 EBX=00000000 ECX=02000000 EDX=02000628
ESI=0000000b EDI=02000000 EBP=00014e40 ESP=00006c5c
EIP=000ea61d EFL=00000046 [---Z-P-] CPL=0 II=0 A20=1 SMM=0 HLT=0
ES =0010 00000000 ffffffff 00cf9300 DPL=0 DS   [-WA]
CS =0008 00000000 ffffffff 00cf9b00 DPL=0 CS32 [-RA]
SS =0010 00000000 ffffffff 00cf9300 DPL=0 DS   [-WA]
DS =0010 00000000 ffffffff 00cf9300 DPL=0 DS   [-WA]
FS =0010 00000000 ffffffff 00cf9300 DPL=0 DS   [-WA]
GS =0010 00000000 ffffffff 00cf9300 DPL=0 DS   [-WA]
LDT=0000 00000000 0000ffff 00008200 DPL=0 LDT
TR =0000 00000000 0000ffff 00008b00 DPL=0 TSS32-busy
GDT=     000f61e0 00000037
IDT=     000f621e 00000000
CR0=00000011 CR2=00000000 CR3=00000000 CR4=00000000
DR0=00000000 DR1=00000000 DR2=00000000 DR3=00000000 
DR6=ffff0ff0 DR7=00000400
CCS=00000000 CCD=ffffffff CCO=CLR
EFER=0000000000000000
SMM: after RSM
EAX=00000000 EBX=00000000 ECX=02000000 EDX=02000628
ESI=0000000b EDI=02000000 EBP=00014e40 ESP=00006c5c
EIP=000ea61d EFL=00000046 [---Z-P-] CPL=0 II=0 A20=1 SMM=0 HLT=0
ES =0010 00000000 ffffffff 00c09300 DPL=0 DS   [-WA]
CS =0008 00000000 ffffffff 00c09b00 DPL=0 CS32 [-RA]
SS =0010 00000000 ffffffff 00c09300 DPL=0 DS   [-WA]
DS =0010 00000000 ffffffff 00c09300 DPL=0 DS   [-WA]
FS =0010 00000000 ffffffff 00c09300 DPL=0 DS   [-WA]
GS =0010 00000000 ffffffff 00c09300 DPL=0 DS   [-WA]
LDT=0000 00000000 0000ffff 00008200 DPL=0 LDT
TR =0000 00000000 0000ffff 00008b00 DPL=0 TSS32-busy
GDT=     000f61e0 00000037
IDT=     000f621e 00000000
CR0=00000011 CR2=00000000 CR3=00000000 CR4=00000000
DR0=00000000 DR1=00000000 DR2=00000000 DR3=00000000 
DR6=ffff0ff0 DR7=00000400
CCS=00000044 CCD=00000000 CCO=EFLAGS
EFER=0000000000000000
Servicing hardware INT=0x08
SMM: enter
EAX=000000b5 EBX=000f7e0e ECX=00001234 EDX=00006cff
ESI=00006cb4 EDI=beffec55 EBP=00006c74 ESP=00006c74
EIP=00007e0b EFL=00000006 [-----P-] CPL=0 II=0 A20=1 SMM=0 HLT=0
ES =d900 000d9000 ffffffff 008f9300
CS =f000 000f0000 ffffffff 008f9b00
SS =0000 00000000 ffffffff 008f9300
DS =0000 00000000 ffffffff 008f9300
FS =0000 00000000 ffffffff 008f9300
GS =0000 00000000 ffffffff 008f9300
LDT=0000 00000000 0000ffff 00008200
TR =0000 00000000 0000ffff 00008b00
GDT=     00000000 00000000
IDT=     00000000 000003ff
CR0=00000010 CR2=00000000 CR3=00000000 CR4=00000000
DR0=00000000 DR1=00000000 DR2=00000000 DR3=00000000 
DR6=ffff0ff0 DR7=00000400
CCS=00000000 CCD=00006c74 CCO=ADDL
EFER=0000000000000000
SMM: after RSM
EAX=000000b5 EBX=000f7e0e ECX=00001234 EDX=00006cff
ESI=00006cb4 EDI=beffec55 EBP=00006c74 ESP=00006c74
EIP=000f7e0e EFL=00000046 [---Z-P-] CPL=0 II=0 A20=1 SMM=0 HLT=0
ES =0010 00000000 ffffffff 00c09300 DPL=0 DS   [-WA]
CS =0008 00000000 ffffffff 00c09b00 DPL=0 CS32 [-RA]
SS =0010 00000000 ffffffff 00c09300 DPL=0 DS   [-WA]
DS =0010 00000000 ffffffff 00c09300 DPL=0 DS   [-WA]
FS =0010 00000000 ffffffff 00c09300 DPL=0 DS   [-WA]
GS =0010 00000000 ffffffff 00c09300 DPL=0 DS   [-WA]
LDT=0000 00000000 0000ffff 00008200 DPL=0 LDT
TR =0000 00000000 0000ffff 00008b00 DPL=0 TSS32-busy
GDT=     000f61e0 00000037
IDT=     000f621e 00000000
CR0=00000011 CR2=00000000 CR3=00000000 CR4=00000000
DR0=00000000 DR1=00000000 DR2=00000000 DR3=00000000 
DR6=ffff0ff0 DR7=00000400
CCS=00000044 CCD=00000000 CCO=EFLAGS
EFER=0000000000000000
SMM: enter
EAX=000000b5 EBX=00007e28 ECX=00005678 EDX=befe8bc0
ESI=000e8380 EDI=beffec55 EBP=00006c74 ESP=00006c74
EIP=000f7e25 EFL=00000016 [----AP-] CPL=0 II=0 A20=1 SMM=0 HLT=0
ES =0010 00000000 ffffffff 00c09300 DPL=0 DS   [-WA]
CS =0008 00000000 ffffffff 00c09b00 DPL=0 CS32 [-RA]
SS =0010 00000000 ffffffff 00c09300 DPL=0 DS   [-WA]
DS =0010 00000000 ffffffff 00c09300 DPL=0 DS   [-WA]
FS =0010 00000000 ffffffff 00c09300 DPL=0 DS   [-WA]
GS =0010 00000000 ffffffff 00c09300 DPL=0 DS   [-WA]
LDT=0000 00000000 0000ffff 00008200 DPL=0 LDT
TR =0000 00000000 0000ffff 00008b00 DPL=0 TSS32-busy
GDT=     000f61e0 00000037
IDT=     000f621e 00000000
CR0=00000011 CR2=00000000 CR3=00000000 CR4=00000000
DR0=00000000 DR1=00000000 DR2=00000000 DR3=00000000 
DR6=ffff0ff0 DR7=00000400
CCS=00000008 CCD=00006c60 CCO=ADDL
EFER=0000000000000000
SMM: after RSM
EAX=000000b5 EBX=00007e28 ECX=00005678 EDX=befe8bc0
ESI=000e8380 EDI=beffec55 EBP=00006c74 ESP=00006c74
EIP=00007e28 EFL=00000006 [-----P-] CPL=0 II=0 A20=1 SMM=0 HLT=0
ES =d900 000d9000 ffffffff 00809300
CS =f000 000f0000 ffffffff 00809b00
SS =0000 00000000 ffffffff 00809300
DS =0000 00000000 ffffffff 00809300
FS =0000 00000000 ffffffff 00809300
GS =0000 00000000 ffffffff 00809300
LDT=0000 00000000 0000ffff 00008200
TR =0000 00000000 0000ffff 00008b00
GDT=     00000000 00000000
IDT=     00000000 000003ff
CR0=00000010 CR2=00000000 CR3=00000000 CR4=00000000
DR0=00000000 DR1=00000000 DR2=00000000 DR3=00000000 
DR6=ffff0ff0 DR7=00000400
CCS=00000004 CCD=00000001 CCO=EFLAGS
EFER=0000000000000000
SMM: enter
EAX=000000b5 EBX=000f7e0e ECX=00001234 EDX=000069ff
ESI=00006996 EDI=beffec55 EBP=00006956 ESP=00006956
EIP=00007e0b EFL=00000006 [-----P-] CPL=0 II=0 A20=1 SMM=0 HLT=0
ES =d900 000d9000 ffffffff 008f9300
CS =f000 000f0000 ffffffff 008f9b00
SS =0000 00000000 ffffffff 008f9300
DS =0000 00000000 ffffffff 008f9300
FS =0000 00000000 ffffffff 008f9300
GS =ca00 000ca000 ffffffff 008f9300
LDT=0000 00000000 0000ffff 00008200
TR =0000 00000000 0000ffff 00008b00
GDT=     00000000 00000000
IDT=     00000000 000003ff
CR0=00000010 CR2=00000000 CR3=00000000 CR4=00000000
DR0=00000000 DR1=00000000 DR2=00000000 DR3=00000000 
DR6=ffff0ff0 DR7=00000400
CCS=00000000 CCD=00006956 CCO=ADDL
EFER=0000000000000000
SMM: after RSM
EAX=000000b5 EBX=000f7e0e ECX=00001234 EDX=000069ff
ESI=00006996 EDI=beffec55 EBP=00006956 ESP=00006956
EIP=000f7e0e EFL=00000046 [---Z-P-] CPL=0 II=0 A20=1 SMM=0 HLT=0
ES =0010 00000000 ffffffff 00c09300 DPL=0 DS   [-WA]
CS =0008 00000000 ffffffff 00c09b00 DPL=0 CS32 [-RA]
SS =0010 00000000 ffffffff 00c09300 DPL=0 DS   [-WA]
DS =0010 00000000 ffffffff 00c09300 DPL=0 DS   [-WA]
FS =0010 00000000 ffffffff 00c09300 DPL=0 DS   [-WA]
GS =0010 00000000 ffffffff 00c09300 DPL=0 DS   [-WA]
LDT=0000 00000000 0000ffff 00008200 DPL=0 LDT
TR =0000 00000000 0000ffff 00008b00 DPL=0 TSS32-busy
GDT=     000f61e0 00000037
IDT=     000f621e 00000000
CR0=00000011 CR2=00000000 CR3=00000000 CR4=00000000
DR0=00000000 DR1=00000000 DR2=00000000 DR3=00000000 
DR6=ffff0ff0 DR7=00000400
CCS=00000044 CCD=00000000 CCO=EFLAGS
EFER=0000000000000000
SMM: enter
EAX=000000b5 EBX=00007e28 ECX=00005678 EDX=00000005
ESI=00000000 EDI=beffec55 EBP=00006956 ESP=00006956
EIP=000f7e25 EFL=00000016 [----AP-] CPL=0 II=0 A20=1 SMM=0 HLT=0
ES =0010 00000000 ffffffff 00c09300 DPL=0 DS   [-WA]
CS =0008 00000000 ffffffff 00c09b00 DPL=0 CS32 [-RA]
SS =0010 00000000 ffffffff 00c09300 DPL=0 DS   [-WA]
DS =0010 00000000 ffffffff 00c09300 DPL=0 DS   [-WA]
FS =0010 00000000 ffffffff 00c09300 DPL=0 DS   [-WA]
GS =0010 00000000 ffffffff 00c09300 DPL=0 DS   [-WA]
LDT=0000 00000000 0000ffff 00008200 DPL=0 LDT
TR =0000 00000000 0000ffff 00008b00 DPL=0 TSS32-busy
GDT=     000f61e0 00000037
IDT=     000f621e 00000000
CR0=00000011 CR2=00000000 CR3=00000000 CR4=00000000
DR0=00000000 DR1=00000000 DR2=00000000 DR3=00000000 
DR6=ffff0ff0 DR7=00000400
CCS=00000008 CCD=00006942 CCO=ADDL
EFER=0000000000000000
SMM: after RSM
EAX=000000b5 EBX=00007e28 ECX=00005678 EDX=00000005
ESI=00000000 EDI=beffec55 EBP=00006956 ESP=00006956
EIP=00007e28 EFL=00000006 [-----P-] CPL=0 II=0 A20=1 SMM=0 HLT=0
ES =d900 000d9000 ffffffff 00809300
CS =f000 000f0000 ffffffff 00809b00
SS =0000 00000000 ffffffff 00809300
DS =0000 00000000 ffffffff 00809300
FS =0000 00000000 ffffffff 00809300
GS =ca00 000ca000 ffffffff 00809300
LDT=0000 00000000 0000ffff 00008200
TR =0000 00000000 0000ffff 00008b00
GDT=     00000000 00000000
IDT=     00000000 000003ff
CR0=00000010 CR2=00000000 CR3=00000000 CR4=00000000
DR0=00000000 DR1=00000000 DR2=00000000 DR3=00000000 
DR6=ffff0ff0 DR7=00000400
CCS=00000004 CCD=00000001 CCO=EFLAGS
EFER=0000000000000000
SMM: enter
EAX=000000b5 EBX=000f7e0e ECX=00001234 EDX=000069ff
ESI=00006990 EDI=beffec55 EBP=00006950 ESP=00006950
EIP=00007e0b EFL=00000006 [-----P-] CPL=0 II=0 A20=1 SMM=0 HLT=0
ES =d900 000d9000 ffffffff 00809300
CS =f000 000f0000 ffffffff 00809b00
SS =0000 00000000 ffffffff 00809300
DS =0000 00000000 ffffffff 00809300
FS =0000 00000000 ffffffff 00809300
GS =ca00 000ca000 ffffffff 00809300
LDT=0000 00000000 0000ffff 00008200
TR =0000 00000000 0000ffff 00008b00
GDT=     00000000 00000000
IDT=     00000000 000003ff
CR0=00000010 CR2=00000000 CR3=00000000 CR4=00000000
DR0=00000000 DR1=00000000 DR2=00000000 DR3=00000000 
DR6=ffff0ff0 DR7=00000400
CCS=00000000 CCD=00006950 CCO=ADDL
EFER=0000000000000000
SMM: after RSM
EAX=000000b5 EBX=000f7e0e ECX=00001234 EDX=000069ff
ESI=00006990 EDI=beffec55 EBP=00006950 ESP=00006950
EIP=000f7e0e EFL=00000046 [---Z-P-] CPL=0 II=0 A20=1 SMM=0 HLT=0
ES =0010 00000000 ffffffff 00c09300 DPL=0 DS   [-WA]
CS =0008 00000000 ffffffff 00c09b00 DPL=0 CS32 [-RA]
SS =0010 00000000 ffffffff 00c09300 DPL=0 DS   [-WA]
DS =0010 00000000 ffffffff 00c09300 DPL=0 DS   [-WA]
FS =0010 00000000 ffffffff 00c09300 DPL=0 DS   [-WA]
GS =0010 00000000 ffffffff 00c09300 DPL=0 DS   [-WA]
LDT=0000 00000000 0000ffff 00008200 DPL=0 LDT
TR =0000 00000000 0000ffff 00008b00 DPL=0 TSS32-busy
GDT=     000f61e0 00000037
IDT=     000f621e 00000000
CR0=00000011 CR2=00000000 CR3=00000000 CR4=00000000
DR0=00000000 DR1=00000000 DR2=00000000 DR3=00000000 
DR6=ffff0ff0 DR7=00000400
CCS=00000044 CCD=00000000 CCO=EFLAGS
EFER=0000000000000000
SMM: enter
EAX=000000b5 EBX=00007e28 ECX=00005678 EDX=00000003
ESI=befcb050 EDI=beffec55 EBP=00006950 ESP=00006950
EIP=000f7e25 EFL=00000006 [-----P-] CPL=0 II=0 A20=1 SMM=0 HLT=0
ES =0010 00000000 ffffffff 00c09300 DPL=0 DS   [-WA]
CS =0008 00000000 ffffffff 00c09b00 DPL=0 CS32 [-RA]
SS =0010 00000000 ffffffff 00c09300 DPL=0 DS   [-WA]
DS =0010 00000000 ffffffff 00c09300 DPL=0 DS   [-WA]
FS =0010 00000000 ffffffff 00c09300 DPL=0 DS   [-WA]
GS =0010 00000000 ffffffff 00c09300 DPL=0 DS   [-WA]
LDT=0000 00000000 0000ffff 00008200 DPL=0 LDT
TR =0000 00000000 0000ffff 00008b00 DPL=0 TSS32-busy
GDT=     000f61e0 00000037
IDT=     000f621e 00000000
CR0=00000011 CR2=00000000 CR3=00000000 CR4=00000000
DR0=00000000 DR1=00000000 DR2=00000000 DR3=00000000 
DR6=ffff0ff0 DR7=00000400
CCS=00000008 CCD=0000693c CCO=ADDL
EFER=0000000000000000
SMM: after RSM
EAX=000000b5 EBX=00007e28 ECX=00005678 EDX=00000003
ESI=befcb050 EDI=beffec55 EBP=00006950 ESP=00006950
EIP=00007e28 EFL=00000006 [-----P-] CPL=0 II=0 A20=1 SMM=0 HLT=0
ES =d900 000d9000 ffffffff 00809300
CS =f000 000f0000 ffffffff 00809b00
SS =0000 00000000 ffffffff 00809300
DS =0000 00000000 ffffffff 00809300
FS =0000 00000000 ffffffff 00809300
GS =ca00 000ca000 ffffffff 00809300
LDT=0000 00000000 0000ffff 00008200
TR =0000 00000000 0000ffff 00008b00
GDT=     00000000 00000000
IDT=     00000000 000003ff
CR0=00000010 CR2=00000000 CR3=00000000 CR4=00000000
DR0=00000000 DR1=00000000 DR2=00000000 DR3=00000000 
DR6=ffff0ff0 DR7=00000400
CCS=00000004 CCD=00000001 CCO=EFLAGS
EFER=0000000000000000
SMM: enter
EAX=000000b5 EBX=000f7e0e ECX=00001234 EDX=000069ff
ESI=00006996 EDI=beffec55 EBP=00006956 ESP=00006956
EIP=00007e0b EFL=00000006 [-----P-] CPL=0 II=0 A20=1 SMM=0 HLT=0
ES =d900 000d9000 ffffffff 00809300
CS =f000 000f0000 ffffffff 00809b00
SS =0000 00000000 ffffffff 00809300
DS =0000 00000000 ffffffff 00809300
FS =0000 00000000 ffffffff 00809300
GS =ca00 000ca000 ffffffff 00809300
LDT=0000 00000000 0000ffff 00008200
TR =0000 00000000 0000ffff 00008b00
GDT=     00000000 00000000
IDT=     00000000 000003ff
CR0=00000010 CR2=00000000 CR3=00000000 CR4=00000000
DR0=00000000 DR1=00000000 DR2=00000000 DR3=00000000 
DR6=ffff0ff0 DR7=00000400
CCS=00000000 CCD=00006956 CCO=ADDL
EFER=0000000000000000
SMM: after RSM
EAX=000000b5 EBX=000f7e0e ECX=00001234 EDX=000069ff
ESI=00006996 EDI=beffec55 EBP=00006956 ESP=00006956
EIP=000f7e0e EFL=00000046 [---Z-P-] CPL=0 II=0 A20=1 SMM=0 HLT=0
ES =0010 00000000 ffffffff 00c09300 DPL=0 DS   [-WA]
CS =0008 00000000 ffffffff 00c09b00 DPL=0 CS32 [-RA]
SS =0010 00000000 ffffffff 00c09300 DPL=0 DS   [-WA]
DS =0010 00000000 ffffffff 00c09300 DPL=0 DS   [-WA]
FS =0010 00000000 ffffffff 00c09300 DPL=0 DS   [-WA]
GS =0010 00000000 ffffffff 00c09300 DPL=0 DS   [-WA]
LDT=0000 00000000 0000ffff 00008200 DPL=0 LDT
TR =0000 00000000 0000ffff 00008b00 DPL=0 TSS32-busy
GDT=     000f61e0 00000037
IDT=     000f621e 00000000
CR0=00000011 CR2=00000000 CR3=00000000 CR4=00000000
DR0=00000000 DR1=00000000 DR2=00000000 DR3=00000000 
DR6=ffff0ff0 DR7=00000400
CCS=00000044 CCD=00000000 CCO=EFLAGS
EFER=0000000000000000
SMM: enter
EAX=000000b5 EBX=00007e28 ECX=00005678 EDX=00000005
ESI=00000000 EDI=beffec55 EBP=00006956 ESP=00006956
EIP=000f7e25 EFL=00000016 [----AP-] CPL=0 II=0 A20=1 SMM=0 HLT=0
ES =0010 00000000 ffffffff 00c09300 DPL=0 DS   [-WA]
CS =0008 00000000 ffffffff 00c09b00 DPL=0 CS32 [-RA]
SS =0010 00000000 ffffffff 00c09300 DPL=0 DS   [-WA]
DS =0010 00000000 ffffffff 00c09300 DPL=0 DS   [-WA]
FS =0010 00000000 ffffffff 00c09300 DPL=0 DS   [-WA]
GS =0010 00000000 ffffffff 00c09300 DPL=0 DS   [-WA]
LDT=0000 00000000 0000ffff 00008200 DPL=0 LDT
TR =0000 00000000 0000ffff 00008b00 DPL=0 TSS32-busy
GDT=     000f61e0 00000037
IDT=     000f621e 00000000
CR0=00000011 CR2=00000000 CR3=00000000 CR4=00000000
DR0=00000000 DR1=00000000 DR2=00000000 DR3=00000000 
DR6=ffff0ff0 DR7=00000400
CCS=00000008 CCD=00006942 CCO=ADDL
EFER=0000000000000000
SMM: after RSM
EAX=000000b5 EBX=00007e28 ECX=00005678 EDX=00000005
ESI=00000000 EDI=beffec55 EBP=00006956 ESP=00006956
EIP=00007e28 EFL=00000006 [-----P-] CPL=0 II=0 A20=1 SMM=0 HLT=0
ES =d900 000d9000 ffffffff 00809300
CS =f000 000f0000 ffffffff 00809b00
SS =0000 00000000 ffffffff 00809300
DS =0000 00000000 ffffffff 00809300
FS =0000 00000000 ffffffff 00809300
GS =ca00 000ca000 ffffffff 00809300
LDT=0000 00000000 0000ffff 00008200
TR =0000 00000000 0000ffff 00008b00
GDT=     00000000 00000000
IDT=     00000000 000003ff
CR0=00000010 CR2=00000000 CR3=00000000 CR4=00000000
DR0=00000000 DR1=00000000 DR2=00000000 DR3=00000000 
DR6=ffff0ff0 DR7=00000400
CCS=00000004 CCD=00000001 CCO=EFLAGS
EFER=0000000000000000
SMM: enter
EAX=000000b5 EBX=000f7e0e ECX=00001234 EDX=000069ff
ESI=00006990 EDI=beffec55 EBP=00006950 ESP=00006950
EIP=00007e0b EFL=00000006 [-----P-] CPL=0 II=0 A20=1 SMM=0 HLT=0
ES =d900 000d9000 ffffffff 00809300
CS =f000 000f0000 ffffffff 00809b00
SS =0000 00000000 ffffffff 00809300
DS =0000 00000000 ffffffff 00809300
FS =0000 00000000 ffffffff 00809300
GS =ca00 000ca000 ffffffff 00809300
LDT=0000 00000000 0000ffff 00008200
TR =0000 00000000 0000ffff 00008b00
GDT=     00000000 00000000
IDT=     00000000 000003ff
CR0=00000010 CR2=00000000 CR3=00000000 CR4=00000000
DR0=00000000 DR1=00000000 DR2=00000000 DR3=00000000 
DR6=ffff0ff0 DR7=00000400
CCS=00000000 CCD=00006950 CCO=ADDL
EFER=0000000000000000
SMM: after RSM
EAX=000000b5 EBX=000f7e0e ECX=00001234 EDX=000069ff
ESI=00006990 EDI=beffec55 EBP=00006950 ESP=00006950
EIP=000f7e0e EFL=00000046 [---Z-P-] CPL=0 II=0 A20=1 SMM=0 HLT=0
ES =0010 00000000 ffffffff 00c09300 DPL=0 DS   [-WA]
CS =0008 00000000 ffffffff 00c09b00 DPL=0 CS32 [-RA]
SS =0010 00000000 ffffffff 00c09300 DPL=0 DS   [-WA]
DS =0010 00000000 ffffffff 00c09300 DPL=0 DS   [-WA]
FS =0010 00000000 ffffffff 00c09300 DPL=0 DS   [-WA]
GS =0010 00000000 ffffffff 00c09300 DPL=0 DS   [-WA]
LDT=0000 00000000 0000ffff 00008200 DPL=0 LDT
TR =0000 00000000 0000ffff 00008b00 DPL=0 TSS32-busy
GDT=     000f61e0 00000037
IDT=     000f621e 00000000
CR0=00000011 CR2=00000000 CR3=00000000 CR4=00000000
DR0=00000000 DR1=00000000 DR2=00000000 DR3=00000000 
DR6=ffff0ff0 DR7=00000400
CCS=00000044 CCD=00000000 CCO=EFLAGS
EFER=0000000000000000
SMM: enter
EAX=000000b5 EBX=00007e28 ECX=00005678 EDX=00000003
ESI=bef0b050 EDI=beffec55 EBP=00006950 ESP=00006950
EIP=000f7e25 EFL=00000006 [-----P-] CPL=0 II=0 A20=1 SMM=0 HLT=0
ES =0010 00000000 ffffffff 00c09300 DPL=0 DS   [-WA]
CS =0008 00000000 ffffffff 00c09b00 DPL=0 CS32 [-RA]
SS =0010 00000000 ffffffff 00c09300 DPL=0 DS   [-WA]
DS =0010 00000000 ffffffff 00c09300 DPL=0 DS   [-WA]
FS =0010 00000000 ffffffff 00c09300 DPL=0 DS   [-WA]
GS =0010 00000000 ffffffff 00c09300 DPL=0 DS   [-WA]
LDT=0000 00000000 0000ffff 00008200 DPL=0 LDT
TR =0000 00000000 0000ffff 00008b00 DPL=0 TSS32-busy
GDT=     000f61e0 00000037
IDT=     000f621e 00000000
CR0=00000011 CR2=00000000 CR3=00000000 CR4=00000000
DR0=00000000 DR1=00000000 DR2=00000000 DR3=00000000 
DR6=ffff0ff0 DR7=00000400
CCS=00000008 CCD=0000693c CCO=ADDL
EFER=0000000000000000
SMM: after RSM
EAX=000000b5 EBX=00007e28 ECX=00005678 EDX=00000003
ESI=bef0b050 EDI=beffec55 EBP=00006950 ESP=00006950
EIP=00007e28 EFL=00000006 [-----P-] CPL=0 II=0 A20=1 SMM=0 HLT=0
ES =d900 000d9000 ffffffff 00809300
CS =f000 000f0000 ffffffff 00809b00
SS =0000 00000000 ffffffff 00809300
DS =0000 00000000 ffffffff 00809300
FS =0000 00000000 ffffffff 00809300
GS =ca00 000ca000 ffffffff 00809300
LDT=0000 00000000 0000ffff 00008200
TR =0000 00000000 0000ffff 00008b00
GDT=     00000000 00000000
IDT=     00000000 000003ff
CR0=00000010 CR2=00000000 CR3=00000000 CR4=00000000
DR0=00000000 DR1=00000000 DR2=00000000 DR3=00000000 
DR6=ffff0ff0 DR7=00000400
CCS=00000004 CCD=00000001 CCO=EFLAGS
EFER=0000000000000000
Servicing hardware INT=0x08
Servicing hardware INT=0x0e
Servicing hardware INT=0x0e
Servicing hardware INT=0x0e
Servicing hardware INT=0x0e
Servicing hardware INT=0x08
Servicing hardware INT=0x0e
Servicing hardware INT=0x0e
Servicing hardware INT=0x08
Servicing hardware INT=0x08
Servicing hardware INT=0x08
Servicing hardware INT=0x08
Servicing hardware INT=0x20
     0: v=20 e=0000 i=0 cpl=3 IP=001b:00400000 pc=00400000 SP=0023:00403000 env->regs[R_EAX]=c1000023
EAX=c1000023 EBX=001155a0 ECX=00000000 EDX=c1006fec
ESI=00910000 EDI=00102ffc EBP=c000afbc ESP=00403000
EIP=00400000 EFL=00000202 [-------] CPL=3 II=0 A20=1 SMM=0 HLT=0
ES =0023 00000000 ffffffff 00cff300 DPL=3 DS   [-WA]
CS =001b 00000000 ffffffff 00cffa00 DPL=3 CS32 [-R-]
SS =0023 00000000 ffffffff 00cff300 DPL=3 DS   [-WA]
DS =0023 00000000 ffffffff 00cff300 DPL=3 DS   [-WA]
FS =0023 00000000 ffffffff 00cff300 DPL=3 DS   [-WA]
GS =0023 00000000 ffffffff 00cff300 DPL=3 DS   [-WA]
LDT=0000 00000000 0000ffff 00008200 DPL=0 LDT
TR =0028 c000b380 00000067 00008900 DPL=0 TSS32-avl
GDT=     c000b340 0000002f
IDT=     c000b400 000007ff
CR0=80000011 CR2=00000000 CR3=0014c000 CR4=00000000
DR0=00000000 DR1=00000000 DR2=00000000 DR3=00000000 
DR6=ffff0ff0 DR7=00000400
CCS=00000000 CCD=c1006fec CCO=EFLAGS
EFER=0000000000000000
     1: v=80 e=0000 i=1 cpl=3 IP=001b:00400000 pc=00400000 SP=0023:00403000 env->regs[R_EAX]=c1000020
EAX=c1000020 EBX=001155a0 ECX=00000000 EDX=c1006fec
ESI=00910000 EDI=00102ffc EBP=c000afbc ESP=00403000
EIP=00400000 EFL=00000202 [-------] CPL=3 II=0 A20=1 SMM=0 HLT=0
ES =0023 00000000 ffffffff 00cff300 DPL=3 DS   [-WA]
CS =001b 00000000 ffffffff 00cffa00 DPL=3 CS32 [-R-]
SS =0023 00000000 ffffffff 00cff300 DPL=3 DS   [-WA]
DS =0023 00000000 ffffffff 00cff300 DPL=3 DS   [-WA]
FS =0023 00000000 ffffffff 00cff300 DPL=3 DS   [-WA]
GS =0023 00000000 ffffffff 00cff300 DPL=3 DS   [-WA]
LDT=0000 00000000 0000ffff 00008200 DPL=0 LDT
TR =0028 c000b380 00000067 00008900 DPL=0 TSS32-avl
GDT=     c000b340 0000002f
IDT=     c000b400 000007ff
CR0=80000011 CR2=00000000 CR3=00163000 CR4=00000000
DR0=00000000 DR1=00000000 DR2=00000000 DR3=00000000 
DR6=ffff0ff0 DR7=00000400
CCS=00000000 CCD=c1006fbc CCO=EFLAGS
EFER=0000000000000000
Servicing hardware INT=0x20
     2: v=20 e=0000 i=0 cpl=3 IP=001b:00400002 pc=00400002 SP=0023:00403000 env->regs[R_EAX]=c1000020
EAX=c1000020 EBX=001155a0 ECX=00000000 EDX=c1006fec
ESI=00910000 EDI=00102ffc EBP=c000afbc ESP=00403000
EIP=00400002 EFL=00000202 [-------] CPL=3 II=0 A20=1 SMM=0 HLT=0
ES =0023 00000000 ffffffff 00cff300 DPL=3 DS   [-WA]
CS =001b 00000000 ffffffff 00cffa00 DPL=3 CS32 [-R-]
SS =0023 00000000 ffffffff 00cff300 DPL=3 DS   [-WA]
DS =0023 00000000 ffffffff 00cff300 DPL=3 DS   [-WA]
FS =0023 00000000 ffffffff 00cff300 DPL=3 DS   [-WA]
GS =0023 00000000 ffffffff 00cff300 DPL=3 DS   [-WA]
LDT=0000 00000000 0000ffff 00008200 DPL=0 LDT
TR =0028 c000b380 00000067 00008900 DPL=0 TSS32-avl
GDT=     c000b340 0000002f
IDT=     c000b400 000007ff
CR0=80000011 CR2=00000000 CR3=00163000 CR4=00000000
DR0=00000000 DR1=00000000 DR2=00000000 DR3=00000000 
DR6=ffff0ff0 DR7=00000400
CCS=00000000 CCD=c100efbc CCO=EFLAGS
EFER=0000000000000000
Servicing hardware INT=0x20
     3: v=20 e=0000 i=0 cpl=3 IP=001b:00400002 pc=00400002 SP=0023:00403000 env->regs[R_EAX]=c1000020
EAX=c1000020 EBX=001155a0 ECX=00000000 EDX=c1006fec
ESI=00910000 EDI=00102ffc EBP=c000afbc ESP=00403000
EIP=00400002 EFL=00000202 [-------] CPL=3 II=0 A20=1 SMM=0 HLT=0
ES =0023 00000000 ffffffff 00cff300 DPL=3 DS   [-WA]
CS =001b 00000000 ffffffff 00cffa00 DPL=3 CS32 [-R-]
SS =0023 00000000 ffffffff 00cff300 DPL=3 DS   [-WA]
DS =0023 00000000 ffffffff 00cff300 DPL=3 DS   [-WA]
FS =0023 00000000 ffffffff 00cff300 DPL=3 DS   [-WA]
GS =0023 00000000 ffffffff 00cff300 DPL=3 DS   [-WA]
LDT=0000 00000000 0000ffff 00008200 DPL=0 LDT
TR =0028 c000b380 00000067 00008900 DPL=0 TSS32-avl
GDT=     c000b340 0000002f
IDT=     c000b400 000007ff
CR0=80000011 CR2=00000000 CR3=0017a000 CR4=00000000
DR0=00000000 DR1=00000000 DR2=00000000 DR3=00000000 
DR6=ffff0ff0 DR7=00000400
CCS=00000000 CCD=c100efbc CCO=EFLAGS
EFER=0000000000000000
Servicing hardware INT=0x20
     4: v=20 e=0000 i=0 cpl=3 IP=001b:00400002 pc=00400002 SP=0023:00403000 env->regs[R_EAX]=c1000020
EAX=c1000020 EBX=001155a0 ECX=00000000 EDX=c1006fec
ESI=00910000 EDI=00102ffc EBP=c000afbc ESP=00403000
EIP=00400002 EFL=00000202 [-------] CPL=3 II=0 A20=1 SMM=0 HLT=0
ES =0023 00000000 ffffffff 00cff300 DPL=3 DS   [-WA]
CS =001b 00000000 ffffffff 00cffa00 DPL=3 CS32 [-R-]
SS =0023 00000000 ffffffff 00cff300 DPL=3 DS   [-WA]
DS =0023 00000000 ffffffff 00cff300 DPL=3 DS   [-WA]
FS =0023 00000000 ffffffff 00cff300 DPL=3 DS   [-WA]
GS =0023 00000000 ffffffff 00cff300 DPL=3 DS   [-WA]
LDT=0000 00000000 0000ffff 00008200 DPL=0 LDT
TR =0028 c000b380 00000067 00008900 DPL=0 TSS32-avl
GDT=     c000b340 0000002f
IDT=     c000b400 000007ff
CR0=80000011 CR2=00000000 CR3=00191000 CR4=00000000
DR0=00000000 DR1=00000000 DR2=00000000 DR3=00000000 
DR6=ffff0ff0 DR7=00000400
CCS=00000000 CCD=c1015fbc CCO=EFLAGS
EFER=0000000000000000
Servicing hardware INT=0x20
     5: v=20 e=0000 i=0 cpl=3 IP=001b:00400002 pc=00400002 SP=0023:00403000 env->regs[R_EAX]=c1000020
EAX=c1000020 EBX=001155a0 ECX=00000000 EDX=c1006fec
ESI=00910000 EDI=00102ffc EBP=c000afbc ESP=00403000
EIP=00400002 EFL=00000202 [-------] CPL=3 II=0 A20=1 SMM=0 HLT=0
ES =0023 00000000 ffffffff 00cff300 DPL=3 DS   [-WA]
CS =001b 00000000 ffffffff 00cffa00 DPL=3 CS32 [-R-]
SS =0023 00000000 ffffffff 00cff300 DPL=3 DS   [-WA]
DS =0023 00000000 ffffffff 00cff300 DPL=3 DS   [-WA]
FS =0023 00000000 ffffffff 00cff300 DPL=3 DS   [-WA]
GS =0023 00000000 ffffffff 00cff300 DPL=3 DS   [-WA]
LDT=0000 00000000 0000ffff 00008200 DPL=0 LDT
TR =0028 c000b380 00000067 00008900 DPL=0 TSS32-avl
GDT=     c000b340 0000002f
IDT=     c000b400 000007ff
CR0=80000011 CR2=00000000 CR3=0014c000 CR4=00000000
DR0=00000000 DR1=00000000 DR2=00000000 DR3=00000000 
DR6=ffff0ff0 DR7=00000400
CCS=00000000 CCD=c101cfbc CCO=EFLAGS
EFER=0000000000000000
Servicing hardware INT=0x20
     6: v=20 e=0000 i=0 cpl=3 IP=001b:00400002 pc=00400002 SP=0023:00403000 env->regs[R_EAX]=c1000020
EAX=c1000020 EBX=001155a0 ECX=00000000 EDX=c1006fec
ESI=00910000 EDI=00102ffc EBP=c000afbc ESP=00403000
EIP=00400002 EFL=00000202 [-------] CPL=3 II=0 A20=1 SMM=0 HLT=0
ES =0023 00000000 ffffffff 00cff300 DPL=3 DS   [-WA]
CS =001b 00000000 ffffffff 00cffa00 DPL=3 CS32 [-R-]
SS =0023 00000000 ffffffff 00cff300 DPL=3 DS   [-WA]
DS =0023 00000000 ffffffff 00cff300 DPL=3 DS   [-WA]
FS =0023 00000000 ffffffff 00cff300 DPL=3 DS   [-WA]
GS =0023 00000000 ffffffff 00cff300 DPL=3 DS   [-WA]
LDT=0000 00000000 0000ffff 00008200 DPL=0 LDT
TR =0028 c000b380 00000067 00008900 DPL=0 TSS32-avl
GDT=     c000b340 0000002f
IDT=     c000b400 000007ff
CR0=80000011 CR2=00000000 CR3=00163000 CR4=00000000
DR0=00000000 DR1=00000000 DR2=00000000 DR3=00000000 
DR6=ffff0ff0 DR7=00000400
CCS=00000000 CCD=c1006fbc CCO=EFLAGS
EFER=0000000000000000
Servicing hardware INT=0x20
     7: v=20 e=0000 i=0 cpl=3 IP=001b:00400002 pc=00400002 SP=0023:00403000 env->regs[R_EAX]=c1000020
EAX=c1000020 EBX=001155a0 ECX=00000000 EDX=c1006fec
ESI=00910000 EDI=00102ffc EBP=c000afbc ESP=00403000
EIP=00400002 EFL=00000202 [-------] CPL=3 II=0 A20=1 SMM=0 HLT=0
ES =0023 00000000 ffffffff 00cff300 DPL=3 DS   [-WA]
CS =001b 00000000 ffffffff 00cffa00 DPL=3 CS32 [-R-]
SS =0023 00000000 ffffffff 00cff300 DPL=3 DS   [-WA]
DS =0023 00000000 ffffffff 00cff300 DPL=3 DS   [-WA]
FS =0023 00000000 ffffffff 00cff300 DPL=3 DS   [-WA]
GS =0023 00000000 ffffffff 00cff300 DPL=3 DS   [-WA]
LDT=0000 00000000 0000ffff 00008200 DPL=0 LDT
TR =0028 c000b380 00000067 00008900 DPL=0 TSS32-avl
GDT=     c000b340 0000002f
IDT=     c000b400 000007ff
CR0=80000011 CR2=00000000 CR3=0017a000 CR4=00000000
DR0=00000000 DR1=00000000 DR2=00000000 DR3=00000000 
DR6=ffff0ff0 DR7=00000400
CCS=00000000 CCD=c100efbc CCO=EFLAGS
EFER=0000000000000000
Servicing hardware INT=0x20
     8: v=20 e=0000 i=0 cpl=3 IP=001b:00400002 pc=00400002 SP=0023:00403000 env->regs[R_EAX]=c1000020
EAX=c1000020 EBX=001155a0 ECX=00000000 EDX=c1006fec
ESI=00910000 EDI=00102ffc EBP=c000afbc ESP=00403000
EIP=00400002 EFL=00000202 [-------] CPL=3 II=0 A20=1 SMM=0 HLT=0
ES =0023 00000000 ffffffff 00cff300 DPL=3 DS   [-WA]
CS =001b 00000000 ffffffff 00cffa00 DPL=3 CS32 [-R-]
SS =0023 00000000 ffffffff 00cff300 DPL=3 DS   [-WA]
DS =0023 00000000 ffffffff 00cff300 DPL=3 DS   [-WA]
FS =0023 00000000 ffffffff 00cff300 DPL=3 DS   [-WA]
GS =0023 00000000 ffffffff 00cff300 DPL=3 DS   [-WA]
LDT=0000 00000000 0000ffff 00008200 DPL=0 LDT
TR =0028 c000b380 00000067 00008900 DPL=0 TSS32-avl
GDT=     c000b340 0000002f
IDT=     c000b400 000007ff
CR0=80000011 CR2=00000000 CR3=00191000 CR4=00000000
DR0=00000000 DR1=00000000 DR2=00000000 DR3=00000000 
DR6=ffff0ff0 DR7=00000400
CCS=00000000 CCD=c1015fbc CCO=EFLAGS
EFER=0000000000000000
Servicing hardware INT=0x20
     9: v=20 e=0000 i=0 cpl=3 IP=001b:00400002 pc=00400002 SP=0023:00403000 env->regs[R_EAX]=c1000020
EAX=c1000020 EBX=001155a0 ECX=00000000 EDX=c1006fec
ESI=00910000 EDI=00102ffc EBP=c000afbc ESP=00403000
EIP=00400002 EFL=00000202 [-------] CPL=3 II=0 A20=1 SMM=0 HLT=0
ES =0023 00000000 ffffffff 00cff300 DPL=3 DS   [-WA]
CS =001b 00000000 ffffffff 00cffa00 DPL=3 CS32 [-R-]
SS =0023 00000000 ffffffff 00cff300 DPL=3 DS   [-WA]
DS =0023 00000000 ffffffff 00cff300 DPL=3 DS   [-WA]
FS =0023 00000000 ffffffff 00cff300 DPL=3 DS   [-WA]
GS =0023 00000000 ffffffff 00cff300 DPL=3 DS   [-WA]
LDT=0000 00000000 0000ffff 00008200 DPL=0 LDT
TR =0028 c000b380 00000067 00008900 DPL=0 TSS32-avl
GDT=     c000b340 0000002f
IDT=     c000b400 000007ff
CR0=80000011 CR2=00000000 CR3=0014c000 CR4=00000000
DR0=00000000 DR1=00000000 DR2=00000000 DR3=00000000 
DR6=ffff0ff0 DR7=00000400
CCS=00000000 CCD=c101cfbc CCO=EFLAGS
EFER=0000000000000000
Servicing hardware INT=0x20
    10: v=20 e=0000 i=0 cpl=3 IP=001b:00400002 pc=00400002 SP=0023:00403000 env->regs[R_EAX]=c1000020
EAX=c1000020 EBX=001155a0 ECX=00000000 EDX=c1006fec
ESI=00910000 EDI=00102ffc EBP=c000afbc ESP=00403000
EIP=00400002 EFL=00000202 [-------] CPL=3 II=0 A20=1 SMM=0 HLT=0
ES =0023 00000000 ffffffff 00cff300 DPL=3 DS   [-WA]
CS =001b 00000000 ffffffff 00cffa00 DPL=3 CS32 [-R-]
SS =0023 00000000 ffffffff 00cff300 DPL=3 DS   [-WA]
DS =0023 00000000 ffffffff 00cff300 DPL=3 DS   [-WA]
FS =0023 00000000 ffffffff 00cff300 DPL=3 DS   [-WA]
GS =0023 00000000 ffffffff 00cff300 DPL=3 DS   [-WA]
LDT=0000 00000000 0000ffff 00008200 DPL=0 LDT
TR =0028 c000b380 00000067 00008900 DPL=0 TSS32-avl
GDT=     c000b340 0000002f
IDT=     c000b400 000007ff
CR0=80000011 CR2=00000000 CR3=00163000 CR4=00000000
DR0=00000000 DR1=00000000 DR2=00000000 DR3=00000000 
DR6=ffff0ff0 DR7=00000400
CCS=00000000 CCD=c1006fbc CCO=EFLAGS
EFER=0000000000000000
Servicing hardware INT=0x20
    11: v=20 e=0000 i=0 cpl=3 IP=001b:00400002 pc=00400002 SP=0023:00403000 env->regs[R_EAX]=c1000020
EAX=c1000020 EBX=001155a0 ECX=00000000 EDX=c1006fec
ESI=00910000 EDI=00102ffc EBP=c000afbc ESP=00403000
EIP=00400002 EFL=00000202 [-------] CPL=3 II=0 A20=1 SMM=0 HLT=0
ES =0023 00000000 ffffffff 00cff300 DPL=3 DS   [-WA]
CS =001b 00000000 ffffffff 00cffa00 DPL=3 CS32 [-R-]
SS =0023 00000000 ffffffff 00cff300 DPL=3 DS   [-WA]
DS =0023 00000000 ffffffff 00cff300 DPL=3 DS   [-WA]
FS =0023 00000000 ffffffff 00cff300 DPL=3 DS   [-WA]
GS =0023 00000000 ffffffff 00cff300 DPL=3 DS   [-WA]
LDT=0000 00000000 0000ffff 00008200 DPL=0 LDT
TR =0028 c000b380 00000067 00008900 DPL=0 TSS32-avl
GDT=     c000b340 0000002f
IDT=     c000b400 000007ff
CR0=80000011 CR2=00000000 CR3=0017a000 CR4=00000000
DR0=00000000 DR1=00000000 DR2=00000000 DR3=00000000 
DR6=ffff0ff0 DR7=00000400
CCS=00000000 CCD=c100efbc CCO=EFLAGS
EFER=0000000000000000
Servicing hardware INT=0x20
    12: v=20 e=0000 i=0 cpl=3 IP=001b:00400002 pc=00400002 SP=0023:00403000 env->regs[R_EAX]=c1000020
EAX=c1000020 EBX=001155a0 ECX=00000000 EDX=c1006fec
ESI=00910000 EDI=00102ffc EBP=c000afbc ESP=00403000
EIP=00400002 EFL=00000202 [-------] CPL=3 II=0 A20=1 SMM=0 HLT=0
ES =0023 00000000 ffffffff 00cff300 DPL=3 DS   [-WA]
CS =001b 00000000 ffffffff 00cffa00 DPL=3 CS32 [-R-]
SS =0023 00000000 ffffffff 00cff300 DPL=3 DS   [-WA]
DS =0023 00000000 ffffffff 00cff300 DPL=3 DS   [-WA]
FS =0023 00000000 ffffffff 00cff300 DPL=3 DS   [-WA]
GS =0023 00000000 ffffffff 00cff300 DPL=3 DS   [-WA]
LDT=0000 00000000 0000ffff 00008200 DPL=0 LDT
TR =0028 c000b380 00000067 00008900 DPL=0 TSS32-avl
GDT=     c000b340 0000002f
IDT=     c000b400 000007ff
CR0=80000011 CR2=00000000 CR3=00191000 CR4=00000000
DR0=00000000 DR1=00000000 DR2=00000000 DR3=00000000 
DR6=ffff0ff0 DR7=00000400
CCS=00000000 CCD=c1015fbc CCO=EFLAGS
EFER=0000000000000000
Servicing hardware INT=0x20
    13: v=20 e=0000 i=0 cpl=3 IP=001b:00400002 pc=00400002 SP=0023:00403000 env->regs[R_EAX]=c1000020
EAX=c1000020 EBX=001155a0 ECX=00000000 EDX=c1006fec
ESI=00910000 EDI=00102ffc EBP=c000afbc ESP=00403000
EIP=00400002 EFL=00000202 [-------] CPL=3 II=0 A20=1 SMM=0 HLT=0
ES =0023 00000000 ffffffff 00cff300 DPL=3 DS   [-WA]
CS =001b 00000000 ffffffff 00cffa00 DPL=3 CS32 [-R-]
SS =0023 00000000 ffffffff 00cff300 DPL=3 DS   [-WA]
DS =0023 00000000 ffffffff 00cff300 DPL=3 DS   [-WA]
FS =0023 00000000 ffffffff 00cff300 DPL=3 DS   [-WA]
GS =0023 00000000 ffffffff 00cff300 DPL=3 DS   [-WA]
LDT=0000 00000000 0000ffff 00008200 DPL=0 LDT
TR =0028 c000b380 00000067 00008900 DPL=0 TSS32-avl
GDT=     c000b340 0000002f
IDT=     c000b400 000007ff
CR0=80000011 CR2=00000000 CR3=0014c000 CR4=00000000
DR0=00000000 DR1=00000000 DR2=00000000 DR3=00000000 
DR6=ffff0ff0 DR7=00000400
CCS=00000000 CCD=c101cfbc CCO=EFLAGS
EFER=0000000000000000
Servicing hardware INT=0x20
    14: v=20 e=0000 i=0 cpl=3 IP=001b:00400002 pc=00400002 SP=0023:00403000 env->regs[R_EAX]=c1000020
EAX=c1000020 EBX=001155a0 ECX=00000000 EDX=c1006fec
ESI=00910000 EDI=00102ffc EBP=c000afbc ESP=00403000
EIP=00400002 EFL=00000202 [-------] CPL=3 II=0 A20=1 SMM=0 HLT=0
ES =0023 00000000 ffffffff 00cff300 DPL=3 DS   [-WA]
CS =001b 00000000 ffffffff 00cffa00 DPL=3 CS32 [-R-]
SS =0023 00000000 ffffffff 00cff300 DPL=3 DS   [-WA]
DS =0023 00000000 ffffffff 00cff300 DPL=3 DS   [-WA]
FS =0023 00000000 ffffffff 00cff300 DPL=3 DS   [-WA]
GS =0023 00000000 ffffffff 00cff300 DPL=3 DS   [-WA]
LDT=0000 00000000 0000ffff 00008200 DPL=0 LDT
TR =0028 c000b380 00000067 00008900 DPL=0 TSS32-avl
GDT=     c000b340 0000002f
IDT=     c000b400 000007ff
CR0=80000011 CR2=00000000 CR3=00163000 CR4=00000000
DR0=00000000 DR1=00000000 DR2=00000000 DR3=00000000 
DR6=ffff0ff0 DR7=00000400
CCS=00000000 CCD=c1006fbc CCO=EFLAGS
EFER=0000000000000000
Servicing hardware INT=0x20
    15: v=20 e=0000 i=0 cpl=3 IP=001b:00400002 pc=00400002 SP=0023:00403000 env->regs[R_EAX]=c1000020
EAX=c1000020 EBX=001155a0 ECX=00000000 EDX=c1006fec
ESI=00910000 EDI=00102ffc EBP=c000afbc ESP=00403000
EIP=00400002 EFL=00000202 [-------] CPL=3 II=0 A20=1 SMM=0 HLT=0
ES =0023 00000000 ffffffff 00cff300 DPL=3 DS   [-WA]
CS =001b 00000000 ffffffff 00cffa00 DPL=3 CS32 [-R-]
SS =0023 00000000 ffffffff 00cff300 DPL=3 DS   [-WA]
DS =0023 00000000 ffffffff 00cff300 DPL=3 DS   [-WA]
FS =0023 00000000 ffffffff 00cff300 DPL=3 DS   [-WA]
GS =0023 00000000 ffffffff 00cff300 DPL=3 DS   [-WA]
LDT=0000 00000000 0000ffff 00008200 DPL=0 LDT
TR =0028 c000b380 00000067 00008900 DPL=0 TSS32-avl
GDT=     c000b340 0000002f
IDT=     c000b400 000007ff
CR0=80000011 CR2=00000000 CR3=0017a000 CR4=00000000
DR0=00000000 DR1=00000000 DR2=00000000 DR3=00000000 
DR6=ffff0ff0 DR7=00000400
CCS=00000000 CCD=c100efbc CCO=EFLAGS
EFER=0000000000000000
Servicing hardware INT=0x20
    16: v=20 e=0000 i=0 cpl=3 IP=001b:00400002 pc=00400002 SP=0023:00403000 env->regs[R_EAX]=c1000020
EAX=c1000020 EBX=001155a0 ECX=00000000 EDX=c1006fec
ESI=00910000 EDI=00102ffc EBP=c000afbc ESP=00403000
EIP=00400002 EFL=00000202 [-------] CPL=3 II=0 A20=1 SMM=0 HLT=0
ES =0023 00000000 ffffffff 00cff300 DPL=3 DS   [-WA]
CS =001b 00000000 ffffffff 00cffa00 DPL=3 CS32 [-R-]
SS =0023 00000000 ffffffff 00cff300 DPL=3 DS   [-WA]
DS =0023 00000000 ffffffff 00cff300 DPL=3 DS   [-WA]
FS =0023 00000000 ffffffff 00cff300 DPL=3 DS   [-WA]
GS =0023 00000000 ffffffff 00cff300 DPL=3 DS   [-WA]
LDT=0000 00000000 0000ffff 00008200 DPL=0 LDT
TR =0028 c000b380 00000067 00008900 DPL=0 TSS32-avl
GDT=     c000b340 0000002f
IDT=     c000b400 000007ff
CR0=80000011 CR2=00000000 CR3=00191000 CR4=00000000
DR0=00000000 DR1=00000000 DR2=00000000 DR3=00000000 
DR6=ffff0ff0 DR7=00000400
CCS=00000000 CCD=c1015fbc CCO=EFLAGS
EFER=0000000000000000
Servicing hardware INT=0x20
    17: v=20 e=0000 i=0 cpl=3 IP=001b:00400002 pc=00400002 SP=0023:00403000 env->regs[R_EAX]=c1000020
EAX=c1000020 EBX=001155a0 ECX=00000000 EDX=c1006fec
ESI=00910000 EDI=00102ffc EBP=c000afbc ESP=00403000
EIP=00400002 EFL=00000202 [-------] CPL=3 II=0 A20=1 SMM=0 HLT=0
ES =0023 00000000 ffffffff 00cff300 DPL=3 DS   [-WA]
CS =001b 00000000 ffffffff 00cffa00 DPL=3 CS32 [-R-]
SS =0023 00000000 ffffffff 00cff300 DPL=3 DS   [-WA]
DS =0023 00000000 ffffffff 00cff300 DPL=3 DS   [-WA]
FS =0023 00000000 ffffffff 00cff300 DPL=3 DS   [-WA]
GS =0023 00000000 ffffffff 00cff300 DPL=3 DS   [-WA]
LDT=0000 00000000 0000ffff 00008200 DPL=0 LDT
TR =0028 c000b380 00000067 00008900 DPL=0 TSS32-avl
GDT=     c000b340 0000002f
IDT=     c000b400 000007ff
CR0=80000011 CR2=00000000 CR3=0014c000 CR4=00000000
DR0=00000000 DR1=00000000 DR2=00000000 DR3=00000000 
DR6=ffff0ff0 DR7=00000400
CCS=00000000 CCD=c101cfbc CCO=EFLAGS
EFER=0000000000000000
Servicing hardware INT=0x20
    18: v=20 e=0000 i=0 cpl=3 IP=001b:00400002 pc=00400002 SP=0023:00403000 env->regs[R_EAX]=c1000020
EAX=c1000020 EBX=001155a0 ECX=00000000 EDX=c1006fec
ESI=00910000 EDI=00102ffc EBP=c000afbc ESP=00403000
EIP=00400002 EFL=00000202 [-------] CPL=3 II=0 A20=1 SMM=0 HLT=0
ES =0023 00000000 ffffffff 00cff300 DPL=3 DS   [-WA]
CS =001b 00000000 ffffffff 00cffa00 DPL=3 CS32 [-R-]
SS =0023 00000000 ffffffff 00cff300 DPL=3 DS   [-WA]
DS =0023 00000000 ffffffff 00cff300 DPL=3 DS   [-WA]
FS =0023 00000000 ffffffff 00cff300 DPL=3 DS   [-WA]
GS =0023 00000000 ffffffff 00cff300 DPL=3 DS   [-WA]
LDT=0000 00000000 0000ffff 00008200 DPL=0 LDT
TR =0028 c000b380 00000067 00008900 DPL=0 TSS32-avl
GDT=     c000b340 0000002f
IDT=     c000b400 000007ff
CR0=80000011 CR2=00000000 CR3=00163000 CR4=00000000
DR0=00000000 DR1=00000000 DR2=00000000 DR3=00000000 
DR6=ffff0ff0 DR7=00000400
CCS=00000000 CCD=c1006fbc CCO=EFLAGS
EFER=0000000000000000
Servicing hardware INT=0x20
    19: v=20 e=0000 i=0 cpl=3 IP=001b:00400002 pc=00400002 SP=0023:00403000 env->regs[R_EAX]=c1000020
EAX=c1000020 EBX=001155a0 ECX=00000000 EDX=c1006fec
ESI=00910000 EDI=00102ffc EBP=c000afbc ESP=00403000
EIP=00400002 EFL=00000202 [-------] CPL=3 II=0 A20=1 SMM=0 HLT=0
ES =0023 00000000 ffffffff 00cff300 DPL=3 DS   [-WA]
CS =001b 00000000 ffffffff 00cffa00 DPL=3 CS32 [-R-]
SS =0023 00000000 ffffffff 00cff300 DPL=3 DS   [-WA]
DS =0023 00000000 ffffffff 00cff300 DPL=3 DS   [-WA]
FS =0023 00000000 ffffffff 00cff300 DPL=3 DS   [-WA]
GS =0023 00000000 ffffffff 00cff300 DPL=3 DS   [-WA]
LDT=0000 00000000 0000ffff 00008200 DPL=0 LDT
TR =0028 c000b380 00000067 00008900 DPL=0 TSS32-avl
GDT=     c000b340 0000002f
IDT=     c000b400 000007ff
CR0=80000011 CR2=00000000 CR3=0017a000 CR4=00000000
DR0=00000000 DR1=00000000 DR2=00000000 DR3=00000000 
DR6=ffff0ff0 DR7=00000400
CCS=00000000 CCD=c100efbc CCO=EFLAGS
EFER=0000000000000000
Servicing hardware INT=0x20
    20: v=20 e=0000 i=0 cpl=3 IP=001b:00400002 pc=00400002 SP=0023:00403000 env->regs[R_EAX]=c1000020
EAX=c1000020 EBX=001155a0 ECX=00000000 EDX=c1006fec
ESI=00910000 EDI=00102ffc EBP=c000afbc ESP=00403000
EIP=00400002 EFL=00000202 [-------] CPL=3 II=0 A20=1 SMM=0 HLT=0
ES =0023 00000000 ffffffff 00cff300 DPL=3 DS   [-WA]
CS =001b 00000000 ffffffff 00cffa00 DPL=3 CS32 [-R-]
SS =0023 00000000 ffffffff 00cff300 DPL=3 DS   [-WA]
DS =0023 00000000 ffffffff 00cff300 DPL=3 DS   [-WA]
FS =0023 00000000 ffffffff 00cff300 DPL=3 DS   [-WA]
GS =0023 00000000 ffffffff 00cff300 DPL=3 DS   [-WA]
LDT=0000 00000000 0000ffff 00008200 DPL=0 LDT
TR =0028 c000b380 00000067 00008900 DPL=0 TSS32-avl
GDT=     c000b340 0000002f
IDT=     c000b400 000007ff
CR0=80000011 CR2=00000000 CR3=00191000 CR4=00000000
DR0=00000000 DR1=00000000 DR2=00000000 DR3=00000000 
DR6=ffff0ff0 DR7=00000400
CCS=00000000 CCD=c1015fbc CCO=EFLAGS
EFER=0000000000000000
Servicing hardware INT=0x20
    21: v=20 e=0000 i=0 cpl=3 IP=001b:00400002 pc=00400002 SP=0023:00403000 env->regs[R_EAX]=c1000020
EAX=c1000020 EBX=001155a0 ECX=00000000 EDX=c1006fec
ESI=00910000 EDI=00102ffc EBP=c000afbc ESP=00403000
EIP=00400002 EFL=00000202 [-------] CPL=3 II=0 A20=1 SMM=0 HLT=0
ES =0023 00000000 ffffffff 00cff300 DPL=3 DS   [-WA]
CS =001b 00000000 ffffffff 00cffa00 DPL=3 CS32 [-R-]
SS =0023 00000000 ffffffff 00cff300 DPL=3 DS   [-WA]
DS =0023 00000000 ffffffff 00cff300 DPL=3 DS   [-WA]
FS =0023 00000000 ffffffff 00cff300 DPL=3 DS   [-WA]
GS =0023 00000000 ffffffff 00cff300 DPL=3 DS   [-WA]
LDT=0000 00000000 0000ffff 00008200 DPL=0 LDT
TR =0028 c000b380 00000067 00008900 DPL=0 TSS32-avl
GDT=     c000b340 0000002f
IDT=     c000b400 000007ff
CR0=80000011 CR2=00000000 CR3=0014c000 CR4=00000000
DR0=00000000 DR1=00000000 DR2=00000000 DR3=00000000 
DR6=ffff0ff0 DR7=00000400
CCS=00000000 CCD=c101cfbc CCO=EFLAGS
EFER=0000000000000000
Servicing hardware INT=0x20
    22: v=20 e=0000 i=0 cpl=3 IP=001b:00400002 pc=00400002 SP=0023:00403000 env->regs[R_EAX]=c1000020
EAX=c1000020 EBX=001155a0 ECX=00000000 EDX=c1006fec
ESI=00910000 EDI=00102ffc EBP=c000afbc ESP=00403000
EIP=00400002 EFL=00000202 [-------] CPL=3 II=0 A20=1 SMM=0 HLT=0
ES =0023 00000000 ffffffff 00cff300 DPL=3 DS   [-WA]
CS =001b 00000000 ffffffff 00cffa00 DPL=3 CS32 [-R-]
SS =0023 00000000 ffffffff 00cff300 DPL=3 DS   [-WA]
DS =0023 00000000 ffffffff 00cff300 DPL=3 DS   [-WA]
FS =0023 00000000 ffffffff 00cff300 DPL=3 DS   [-WA]
GS =0023 00000000 ffffffff 00cff300 DPL=3 DS   [-WA]
LDT=0000 00000000 0000ffff 00008200 DPL=0 LDT
TR =0028 c000b380 00000067 00008900 DPL=0 TSS32-avl
GDT=     c000b340 0000002f
IDT=     c000b400 000007ff
CR0=80000011 CR2=00000000 CR3=00163000 CR4=00000000
DR0=00000000 DR1=00000000 DR2=00000000 DR3=00000000 
DR6=ffff0ff0 DR7=00000400
CCS=00000000 CCD=c1006fbc CCO=EFLAGS
EFER=0000000000000000
Servicing hardware INT=0x20
    23: v=20 e=0000 i=0 cpl=3 IP=001b:00400002 pc=00400002 SP=0023:00403000 env->regs[R_EAX]=c1000020
EAX=c1000020 EBX=001155a0 ECX=00000000 EDX=c1006fec
ESI=00910000 EDI=00102ffc EBP=c000afbc ESP=00403000
EIP=00400002 EFL=00000202 [-------] CPL=3 II=0 A20=1 SMM=0 HLT=0
ES =0023 00000000 ffffffff 00cff300 DPL=3 DS   [-WA]
CS =001b 00000000 ffffffff 00cffa00 DPL=3 CS32 [-R-]
SS =0023 00000000 ffffffff 00cff300 DPL=3 DS   [-WA]
DS =0023 00000000 ffffffff 00cff300 DPL=3 DS   [-WA]
FS =0023 00000000 ffffffff 00cff300 DPL=3 DS   [-WA]
GS =0023 00000000 ffffffff 00cff300 DPL=3 DS   [-WA]
LDT=0000 00000000 0000ffff 00008200 DPL=0 LDT
TR =0028 c000b380 00000067 00008900 DPL=0 TSS32-avl
GDT=     c000b340 0000002f
IDT=     c000b400 000007ff
CR0=80000011 CR2=00000000 CR3=0017a000 CR4=00000000
DR0=00000000 DR1=00000000 DR2=00000000 DR3=00000000 
DR6=ffff0ff0 DR7=00000400
CCS=00000000 CCD=c100efbc CCO=EFLAGS
EFER=0000000000000000
Servicing hardware INT=0x20
    24: v=20 e=0000 i=0 cpl=3 IP=001b:00400002 pc=00400002 SP=0023:00403000 env->regs[R_EAX]=c1000020
EAX=c1000020 EBX=001155a0 ECX=00000000 EDX=c1006fec
ESI=00910000 EDI=00102ffc EBP=c000afbc ESP=00403000
EIP=00400002 EFL=00000202 [-------] CPL=3 II=0 A20=1 SMM=0 HLT=0
ES =0023 00000000 ffffffff 00cff300 DPL=3 DS   [-WA]
CS =001b 00000000 ffffffff 00cffa00 DPL=3 CS32 [-R-]
SS =0023 00000000 ffffffff 00cff300 DPL=3 DS   [-WA]
DS =0023 00000000 ffffffff 00cff300 DPL=3 DS   [-WA]
FS =0023 00000000 ffffffff 00cff300 DPL=3 DS   [-WA]
GS =0023 00000000 ffffffff 00cff300 DPL=3 DS   [-WA]
LDT=0000 00000000 0000ffff 00008200 DPL=0 LDT
TR =0028 c000b380 00000067 00008900 DPL=0 TSS32-avl
GDT=     c000b340 0000002f
IDT=     c000b400 000007ff
CR0=80000011 CR2=00000000 CR3=00191000 CR4=00000000
DR0=00000000 DR1=00000000 DR2=00000000 DR3=00000000 
DR6=ffff0ff0 DR7=00000400
CCS=00000000 CCD=c1015fbc CCO=EFLAGS
EFER=0000000000000000
Servicing hardware INT=0x20
    25: v=20 e=0000 i=0 cpl=3 IP=001b:00400002 pc=00400002 SP=0023:00403000 env->regs[R_EAX]=c1000020
EAX=c1000020 EBX=001155a0 ECX=00000000 EDX=c1006fec
ESI=00910000 EDI=00102ffc EBP=c000afbc ESP=00403000
EIP=00400002 EFL=00000202 [-------] CPL=3 II=0 A20=1 SMM=0 HLT=0
ES =0023 00000000 ffffffff 00cff300 DPL=3 DS   [-WA]
CS =001b 00000000 ffffffff 00cffa00 DPL=3 CS32 [-R-]
SS =0023 00000000 ffffffff 00cff300 DPL=3 DS   [-WA]
DS =0023 00000000 ffffffff 00cff300 DPL=3 DS   [-WA]
FS =0023 00000000 ffffffff 00cff300 DPL=3 DS   [-WA]
GS =0023 00000000 ffffffff 00cff300 DPL=3 DS   [-WA]
LDT=0000 00000000 0000ffff 00008200 DPL=0 LDT
TR =0028 c000b380 00000067 00008900 DPL=0 TSS32-avl
GDT=     c000b340 0000002f
IDT=     c000b400 000007ff
CR0=80000011 CR2=00000000 CR3=0014c000 CR4=00000000
DR0=00000000 DR1=00000000 DR2=00000000 DR3=00000000 
DR6=ffff0ff0 DR7=00000400
CCS=00000000 CCD=c101cfbc CCO=EFLAGS
EFER=0000000000000000
Servicing hardware INT=0x20
    26: v=20 e=0000 i=0 cpl=3 IP=001b:00400002 pc=00400002 SP=0023:00403000 env->regs[R_EAX]=c1000020
EAX=c1000020 EBX=001155a0 ECX=00000000 EDX=c1006fec
ESI=00910000 EDI=00102ffc EBP=c000afbc ESP=00403000
EIP=00400002 EFL=00000202 [-------] CPL=3 II=0 A20=1 SMM=0 HLT=0
ES =0023 00000000 ffffffff 00cff300 DPL=3 DS   [-WA]
CS =001b 00000000 ffffffff 00cffa00 DPL=3 CS32 [-R-]
SS =0023 00000000 ffffffff 00cff300 DPL=3 DS   [-WA]
DS =0023 00000000 ffffffff 00cff300 DPL=3 DS   [-WA]
FS =0023 00000000 ffffffff 00cff300 DPL=3 DS   [-WA]
GS =0023 00000000 ffffffff 00cff300 DPL=3 DS   [-WA]
LDT=0000 00000000 0000ffff 00008200 DPL=0 LDT
TR =0028 c000b380 00000067 00008900 DPL=0 TSS32-avl
GDT=     c000b340 0000002f
IDT=     c000b400 000007ff
CR0=80000011 CR2=00000000 CR3=00163000 CR4=00000000
DR0=00000000 DR1=00000000 DR2=00000000 DR3=00000000 
DR6=ffff0ff0 DR7=00000400
CCS=00000000 CCD=c1006fbc CCO=EFLAGS
EFER=0000000000000000
Servicing hardware INT=0x20
    27: v=20 e=0000 i=0 cpl=3 IP=001b:00400002 pc=00400002 SP=0023:00403000 env->regs[R_EAX]=c1000020
EAX=c1000020 EBX=001155a0 ECX=00000000 EDX=c1006fec
ESI=00910000 EDI=00102ffc EBP=c000afbc ESP=00403000
EIP=00400002 EFL=00000202 [-------] CPL=3 II=0 A20=1 SMM=0 HLT=0
ES =0023 00000000 ffffffff 00cff300 DPL=3 DS   [-WA]
CS =001b 00000000 ffffffff 00cffa00 DPL=3 CS32 [-R-]
SS =0023 00000000 ffffffff 00cff300 DPL=3 DS   [-WA]
DS =0023 00000000 ffffffff 00cff300 DPL=3 DS   [-WA]
FS =0023 00000000 ffffffff 00cff300 DPL=3 DS   [-WA]
GS =0023 00000000 ffffffff 00cff300 DPL=3 DS   [-WA]
LDT=0000 00000000 0000ffff 00008200 DPL=0 LDT
TR =0028 c000b380 00000067 00008900 DPL=0 TSS32-avl
GDT=     c000b340 0000002f
IDT=     c000b400 000007ff
CR0=80000011 CR2=00000000 CR3=0017a000 CR4=00000000
DR0=00000000 DR1=00000000 DR2=00000000 DR3=00000000 
DR6=ffff0ff0 DR7=00000400
CCS=00000000 CCD=c100efbc CCO=EFLAGS
EFER=0000000000000000
Servicing hardware INT=0x20
    28: v=20 e=0000 i=0 cpl=3 IP=001b:00400002 pc=00400002 SP=0023:00403000 env->regs[R_EAX]=c1000020
EAX=c1000020 EBX=001155a0 ECX=00000000 EDX=c1006fec
ESI=00910000 EDI=00102ffc EBP=c000afbc ESP=00403000
EIP=00400002 EFL=00000202 [-------] CPL=3 II=0 A20=1 SMM=0 HLT=0
ES =0023 00000000 ffffffff 00cff300 DPL=3 DS   [-WA]
CS =001b 00000000 ffffffff 00cffa00 DPL=3 CS32 [-R-]
SS =0023 00000000 ffffffff 00cff300 DPL=3 DS   [-WA]
DS =0023 00000000 ffffffff 00cff300 DPL=3 DS   [-WA]
FS =0023 00000000 ffffffff 00cff300 DPL=3 DS   [-WA]
GS =0023 00000000 ffffffff 00cff300 DPL=3 DS   [-WA]
LDT=0000 00000000 0000ffff 00008200 DPL=0 LDT
TR =0028 c000b380 00000067 00008900 DPL=0 TSS32-avl
GDT=     c000b340 0000002f
IDT=     c000b400 000007ff
CR0=80000011 CR2=00000000 CR3=00191000 CR4=00000000
DR0=00000000 DR1=00000000 DR2=00000000 DR3=00000000 
DR6=ffff0ff0 DR7=00000400
CCS=00000000 CCD=c1015fbc CCO=EFLAGS
EFER=0000000000000000
Servicing hardware INT=0x20
    29: v=20 e=0000 i=0 cpl=3 IP=001b:00400002 pc=00400002 SP=0023:00403000 env->regs[R_EAX]=c1000020
EAX=c1000020 EBX=001155a0 ECX=00000000 EDX=c1006fec
ESI=00910000 EDI=00102ffc EBP=c000afbc ESP=00403000
EIP=00400002 EFL=00000202 [-------] CPL=3 II=0 A20=1 SMM=0 HLT=0
ES =0023 00000000 ffffffff 00cff300 DPL=3 DS   [-WA]
CS =001b 00000000 ffffffff 00cffa00 DPL=3 CS32 [-R-]
SS =0023 00000000 ffffffff 00cff300 DPL=3 DS   [-WA]
DS =0023 00000000 ffffffff 00cff300 DPL=3 DS   [-WA]
FS =0023 00000000 ffffffff 00cff300 DPL=3 DS   [-WA]
GS =0023 00000000 ffffffff 00cff300 DPL=3 DS   [-WA]
LDT=0000 00000000 0000ffff 00008200 DPL=0 LDT
TR =0028 c000b380 00000067 00008900 DPL=0 TSS32-avl
GDT=     c000b340 0000002f
IDT=     c000b400 000007ff
CR0=80000011 CR2=00000000 CR3=0014c000 CR4=00000000
DR0=00000000 DR1=00000000 DR2=00000000 DR3=00000000 
DR6=ffff0ff0 DR7=00000400
CCS=00000000 CCD=c101cfbc CCO=EFLAGS
EFER=0000000000000000
Servicing hardware INT=0x20
    30: v=20 e=0000 i=0 cpl=3 IP=001b:00400002 pc=00400002 SP=0023:00403000 env->regs[R_EAX]=c1000020
EAX=c1000020 EBX=001155a0 ECX=00000000 EDX=c1006fec
ESI=00910000 EDI=00102ffc EBP=c000afbc ESP=00403000
EIP=00400002 EFL=00000202 [-------] CPL=3 II=0 A20=1 SMM=0 HLT=0
ES =0023 00000000 ffffffff 00cff300 DPL=3 DS   [-WA]
CS =001b 00000000 ffffffff 00cffa00 DPL=3 CS32 [-R-]
SS =0023 00000000 ffffffff 00cff300 DPL=3 DS   [-WA]
DS =0023 00000000 ffffffff 00cff300 DPL=3 DS   [-WA]
FS =0023 00000000 ffffffff 00cff300 DPL=3 DS   [-WA]
GS =0023 00000000 ffffffff 00cff300 DPL=3 DS   [-WA]
LDT=0000 00000000 0000ffff 00008200 DPL=0 LDT
TR =0028 c000b380 00000067 00008900 DPL=0 TSS32-avl
GDT=     c000b340 0000002f
IDT=     c000b400 000007ff
CR0=80000011 CR2=00000000 CR3=00163000 CR4=00000000
DR0=00000000 DR1=00000000 DR2=00000000 DR3=00000000 
DR6=ffff0ff0 DR7=00000400
CCS=00000000 CCD=c1006fbc CCO=EFLAGS
EFER=0000000000000000
Servicing hardware INT=0x20
    31: v=20 e=0000 i=0 cpl=3 IP=001b:00400002 pc=00400002 SP=0023:00403000 env->regs[R_EAX]=c1000020
EAX=c1000020 EBX=001155a0 ECX=00000000 EDX=c1006fec
ESI=00910000 EDI=00102ffc EBP=c000afbc ESP=00403000
EIP=00400002 EFL=00000202 [-------] CPL=3 II=0 A20=1 SMM=0 HLT=0
ES =0023 00000000 ffffffff 00cff300 DPL=3 DS   [-WA]
CS =001b 00000000 ffffffff 00cffa00 DPL=3 CS32 [-R-]
SS =0023 00000000 ffffffff 00cff300 DPL=3 DS   [-WA]
DS =0023 00000000 ffffffff 00cff300 DPL=3 DS   [-WA]
FS =0023 00000000 ffffffff 00cff300 DPL=3 DS   [-WA]
GS =0023 00000000 ffffffff 00cff300 DPL=3 DS   [-WA]
LDT=0000 00000000 0000ffff 00008200 DPL=0 LDT
TR =0028 c000b380 00000067 00008900 DPL=0 TSS32-avl
GDT=     c000b340 0000002f
IDT=     c000b400 000007ff
CR0=80000011 CR2=00000000 CR3=0017a000 CR4=00000000
DR0=00000000 DR1=00000000 DR2=00000000 DR3=00000000 
DR6=ffff0ff0 DR7=00000400
CCS=00000000 CCD=c100efbc CCO=EFLAGS
EFER=0000000000000000
Servicing hardware INT=0x20
    32: v=20 e=0000 i=0 cpl=3 IP=001b:00400002 pc=00400002 SP=0023:00403000 env->regs[R_EAX]=c1000020
EAX=c1000020 EBX=001155a0 ECX=00000000 EDX=c1006fec
ESI=00910000 EDI=00102ffc EBP=c000afbc ESP=00403000
EIP=00400002 EFL=00000202 [-------] CPL=3 II=0 A20=1 SMM=0 HLT=0
ES =0023 00000000 ffffffff 00cff300 DPL=3 DS   [-WA]
CS =001b 00000000 ffffffff 00cffa00 DPL=3 CS32 [-R-]
SS =0023 00000000 ffffffff 00cff300 DPL=3 DS   [-WA]
DS =0023 00000000 ffffffff 00cff300 DPL=3 DS   [-WA]
FS =0023 00000000 ffffffff 00cff300 DPL=3 DS   [-WA]
GS =0023 00000000 ffffffff 00cff300 DPL=3 DS   [-WA]
LDT=0000 00000000 0000ffff 00008200 DPL=0 LDT
TR =0028 c000b380 00000067 00008900 DPL=0 TSS32-avl
GDT=     c000b340 0000002f
IDT=     c000b400 000007ff
CR0=80000011 CR2=00000000 CR3=00191000 CR4=00000000
DR0=00000000 DR1=00000000 DR2=00000000 DR3=00000000 
DR6=ffff0ff0 DR7=00000400
CCS=00000000 CCD=c1015fbc CCO=EFLAGS
EFER=0000000000000000
Servicing hardware INT=0x20
    33: v=20 e=0000 i=0 cpl=3 IP=001b:00400002 pc=00400002 SP=0023:00403000 env->regs[R_EAX]=c1000020
EAX=c1000020 EBX=001155a0 ECX=00000000 EDX=c1006fec
ESI=00910000 EDI=00102ffc EBP=c000afbc ESP=00403000
EIP=00400002 EFL=00000202 [-------] CPL=3 II=0 A20=1 SMM=0 HLT=0
ES =0023 00000000 ffffffff 00cff300 DPL=3 DS   [-WA]
CS =001b 00000000 ffffffff 00cffa00 DPL=3 CS32 [-R-]
SS =0023 00000000 ffffffff 00cff300 DPL=3 DS   [-WA]
DS =0023 00000000 ffffffff 00cff300 DPL=3 DS   [-WA]
FS =0023 00000000 ffffffff 00cff300 DPL=3 DS   [-WA]
GS =0023 00000000 ffffffff 00cff300 DPL=3 DS   [-WA]
LDT=0000 00000000 0000ffff 00008200 DPL=0 LDT
TR =0028 c000b380 00000067 00008900 DPL=0 TSS32-avl
GDT=     c000b340 0000002f
IDT=     c000b400 000007ff
CR0=80000011 CR2=00000000 CR3=0014c000 CR4=00000000
DR0=00000000 DR1=00000000 DR2=00000000 DR3=00000000 
DR6=ffff0ff0 DR7=00000400
CCS=00000000 CCD=c101cfbc CCO=EFLAGS
EFER=0000000000000000
Servicing hardware INT=0x20
    34: v=20 e=0000 i=0 cpl=3 IP=001b:00400002 pc=00400002 SP=0023:00403000 env->regs[R_EAX]=c1000020
EAX=c1000020 EBX=001155a0 ECX=00000000 EDX=c1006fec
ESI=00910000 EDI=00102ffc EBP=c000afbc ESP=00403000
EIP=00400002 EFL=00000202 [-------] CPL=3 II=0 A20=1 SMM=0 HLT=0
ES =0023 00000000 ffffffff 00cff300 DPL=3 DS   [-WA]
CS =001b 00000000 ffffffff 00cffa00 DPL=3 CS32 [-R-]
SS =0023 00000000 ffffffff 00cff300 DPL=3 DS   [-WA]
DS =0023 00000000 ffffffff 00cff300 DPL=3 DS   [-WA]
FS =0023 00000000 ffffffff 00cff300 DPL=3 DS   [-WA]
GS =0023 00000000 ffffffff 00cff300 DPL=3 DS   [-WA]
LDT=0000 00000000 0000ffff 00008200 DPL=0 LDT
TR =0028 c000b380 00000067 00008900 DPL=0 TSS32-avl
GDT=     c000b340 0000002f
IDT=     c000b400 000007ff
CR0=80000011 CR2=00000000 CR3=00163000 CR4=00000000
DR0=00000000 DR1=00000000 DR2=00000000 DR3=00000000 
DR6=ffff0ff0 DR7=00000400
CCS=00000000 CCD=c1006fbc CCO=EFLAGS
EFER=0000000000000000
Servicing hardware INT=0x20
    35: v=20 e=0000 i=0 cpl=3 IP=001b:00400002 pc=00400002 SP=0023:00403000 env->regs[R_EAX]=c1000020
EAX=c1000020 EBX=001155a0 ECX=00000000 EDX=c1006fec
ESI=00910000 EDI=00102ffc EBP=c000afbc ESP=00403000
EIP=00400002 EFL=00000202 [-------] CPL=3 II=0 A20=1 SMM=0 HLT=0
ES =0023 00000000 ffffffff 00cff300 DPL=3 DS   [-WA]
CS =001b 00000000 ffffffff 00cffa00 DPL=3 CS32 [-R-]
SS =0023 00000000 ffffffff 00cff300 DPL=3 DS   [-WA]
DS =0023 00000000 ffffffff 00cff300 DPL=3 DS   [-WA]
FS =0023 00000000 ffffffff 00cff300 DPL=3 DS   [-WA]
GS =0023 00000000 ffffffff 00cff300 DPL=3 DS   [-WA]
LDT=0000 00000000 0000ffff 00008200 DPL=0 LDT
TR =0028 c000b380 00000067 00008900 DPL=0 TSS32-avl
GDT=     c000b340 0000002f
IDT=     c000b400 000007ff
CR0=80000011 CR2=00000000 CR3=0017a000 CR4=00000000
DR0=00000000 DR1=00000000 DR2=00000000 DR3=00000000 
DR6=ffff0ff0 DR7=00000400
CCS=00000000 CCD=c100efbc CCO=EFLAGS
EFER=0000000000000000
Servicing hardware INT=0x20
    36: v=20 e=0000 i=0 cpl=3 IP=001b:00400002 pc=00400002 SP=0023:00403000 env->regs[R_EAX]=c1000020
EAX=c1000020 EBX=001155a0 ECX=00000000 EDX=c1006fec
ESI=00910000 EDI=00102ffc EBP=c000afbc ESP=00403000
EIP=00400002 EFL=00000202 [-------] CPL=3 II=0 A20=1 SMM=0 HLT=0
ES =0023 00000000 ffffffff 00cff300 DPL=3 DS   [-WA]
CS =001b 00000000 ffffffff 00cffa00 DPL=3 CS32 [-R-]
SS =0023 00000000 ffffffff 00cff300 DPL=3 DS   [-WA]
DS =0023 00000000 ffffffff 00cff300 DPL=3 DS   [-WA]
FS =0023 00000000 ffffffff 00cff300 DPL=3 DS   [-WA]
GS =0023 00000000 ffffffff 00cff300 DPL=3 DS   [-WA]
LDT=0000 00000000 0000ffff 00008200 DPL=0 LDT
TR =0028 c000b380 00000067 00008900 DPL=0 TSS32-avl
GDT=     c000b340 0000002f
IDT=     c000b400 000007ff
CR0=80000011 CR2=00000000 CR3=00191000 CR4=00000000
DR0=00000000 DR1=00000000 DR2=00000000 DR3=00000000 
DR6=ffff0ff0 DR7=00000400
CCS=00000000 CCD=c1015fbc CCO=EFLAGS
EFER=0000000000000000
Servicing hardware INT=0x20
    37: v=20 e=0000 i=0 cpl=3 IP=001b:00400002 pc=00400002 SP=0023:00403000 env->regs[R_EAX]=c1000020
EAX=c1000020 EBX=001155a0 ECX=00000000 EDX=c1006fec
ESI=00910000 EDI=00102ffc EBP=c000afbc ESP=00403000
EIP=00400002 EFL=00000202 [-------] CPL=3 II=0 A20=1 SMM=0 HLT=0
ES =0023 00000000 ffffffff 00cff300 DPL=3 DS   [-WA]
CS =001b 00000000 ffffffff 00cffa00 DPL=3 CS32 [-R-]
SS =0023 00000000 ffffffff 00cff300 DPL=3 DS   [-WA]
DS =0023 00000000 ffffffff 00cff300 DPL=3 DS   [-WA]
FS =0023 00000000 ffffffff 00cff300 DPL=3 DS   [-WA]
GS =0023 00000000 ffffffff 00cff300 DPL=3 DS   [-WA]
LDT=0000 00000000 0000ffff 00008200 DPL=0 LDT
TR =0028 c000b380 00000067 00008900 DPL=0 TSS32-avl
GDT=     c000b340 0000002f
IDT=     c000b400 000007ff
CR0=80000011 CR2=00000000 CR3=0014c000 CR4=00000000
DR0=00000000 DR1=00000000 DR2=00000000 DR3=00000000 
DR6=ffff0ff0 DR7=00000400
CCS=00000000 CCD=c101cfbc CCO=EFLAGS
EFER=0000000000000000
Servicing hardware INT=0x20
    38: v=20 e=0000 i=0 cpl=3 IP=001b:00400002 pc=00400002 SP=0023:00403000 env->regs[R_EAX]=c1000020
EAX=c1000020 EBX=001155a0 ECX=00000000 EDX=c1006fec
ESI=00910000 EDI=00102ffc EBP=c000afbc ESP=00403000
EIP=00400002 EFL=00000202 [-------] CPL=3 II=0 A20=1 SMM=0 HLT=0
ES =0023 00000000 ffffffff 00cff300 DPL=3 DS   [-WA]
CS =001b 00000000 ffffffff 00cffa00 DPL=3 CS32 [-R-]
SS =0023 00000000 ffffffff 00cff300 DPL=3 DS   [-WA]
DS =0023 00000000 ffffffff 00cff300 DPL=3 DS   [-WA]
FS =0023 00000000 ffffffff 00cff300 DPL=3 DS   [-WA]
GS =0023 00000000 ffffffff 00cff300 DPL=3 DS   [-WA]
LDT=0000 00000000 0000ffff 00008200 DPL=0 LDT
TR =0028 c000b380 00000067 00008900 DPL=0 TSS32-avl
GDT=     c000b340 0000002f
IDT=     c000b400 000007ff
CR0=80000011 CR2=00000000 CR3=00163000 CR4=00000000
DR0=00000000 DR1=00000000 DR2=00000000 DR3=00000000 
DR6=ffff0ff0 DR7=00000400
CCS=00000000 CCD=c1006fbc CCO=EFLAGS
EFER=0000000000000000
Servicing hardware INT=0x20
    39: v=20 e=0000 i=0 cpl=3 IP=001b:00400002 pc=00400002 SP=0023:00403000 env->regs[R_EAX]=c1000020
EAX=c1000020 EBX=001155a0 ECX=00000000 EDX=c1006fec
ESI=00910000 EDI=00102ffc EBP=c000afbc ESP=00403000
EIP=00400002 EFL=00000202 [-------] CPL=3 II=0 A20=1 SMM=0 HLT=0
ES =0023 00000000 ffffffff 00cff300 DPL=3 DS   [-WA]
CS =001b 00000000 ffffffff 00cffa00 DPL=3 CS32 [-R-]
SS =0023 00000000 ffffffff 00cff300 DPL=3 DS   [-WA]
DS =0023 00000000 ffffffff 00cff300 DPL=3 DS   [-WA]
FS =0023 00000000 ffffffff 00cff300 DPL=3 DS   [-WA]
GS =0023 00000000 ffffffff 00cff300 DPL=3 DS   [-WA]
LDT=0000 00000000 0000ffff 00008200 DPL=0 LDT
TR =0028 c000b380 00000067 00008900 DPL=0 TSS32-avl
GDT=     c000b340 0000002f
IDT=     c000b400 000007ff
CR0=80000011 CR2=00000000 CR3=0017a000 CR4=00000000
DR0=00000000 DR1=00000000 DR2=00000000 DR3=00000000 
DR6=ffff0ff0 DR7=00000400
CCS=00000000 CCD=c100efbc CCO=EFLAGS
EFER=0000000000000000
Servicing hardware INT=0x20
    40: v=20 e=0000 i=0 cpl=3 IP=001b:00400002 pc=00400002 SP=0023:00403000 env->regs[R_EAX]=c1000020
EAX=c1000020 EBX=001155a0 ECX=00000000 EDX=c1006fec
ESI=00910000 EDI=00102ffc EBP=c000afbc ESP=00403000
EIP=00400002 EFL=00000202 [-------] CPL=3 II=0 A20=1 SMM=0 HLT=0
ES =0023 00000000 ffffffff 00cff300 DPL=3 DS   [-WA]
CS =001b 00000000 ffffffff 00cffa00 DPL=3 CS32 [-R-]
SS =0023 00000000 ffffffff 00cff300 DPL=3 DS   [-WA]
DS =0023 00000000 ffffffff 00cff300 DPL=3 DS   [-WA]
FS =0023 00000000 ffffffff 00cff300 DPL=3 DS   [-WA]
GS =0023 00000000 ffffffff 00cff300 DPL=3 DS   [-WA]
LDT=0000 00000000 0000ffff 00008200 DPL=0 LDT
TR =0028 c000b380 00000067 00008900 DPL=0 TSS32-avl
GDT=     c000b340 0000002f
IDT=     c000b400 000007ff
CR0=80000011 CR2=00000000 CR3=00191000 CR4=00000000
DR0=00000000 DR1=00000000 DR2=00000000 DR3=00000000 
DR6=ffff0ff0 DR7=00000400
CCS=00000000 CCD=c1015fbc CCO=EFLAGS
EFER=0000000000000000
Servicing hardware INT=0x20
    41: v=20 e=0000 i=0 cpl=3 IP=001b:00400002 pc=00400002 SP=0023:00403000 env->regs[R_EAX]=c1000020
EAX=c1000020 EBX=001155a0 ECX=00000000 EDX=c1006fec
ESI=00910000 EDI=00102ffc EBP=c000afbc ESP=00403000
EIP=00400002 EFL=00000202 [-------] CPL=3 II=0 A20=1 SMM=0 HLT=0
ES =0023 00000000 ffffffff 00cff300 DPL=3 DS   [-WA]
CS =001b 00000000 ffffffff 00cffa00 DPL=3 CS32 [-R-]
SS =0023 00000000 ffffffff 00cff300 DPL=3 DS   [-WA]
DS =0023 00000000 ffffffff 00cff300 DPL=3 DS   [-WA]
FS =0023 00000000 ffffffff 00cff300 DPL=3 DS   [-WA]
GS =0023 00000000 ffffffff 00cff300 DPL=3 DS   [-WA]
LDT=0000 00000000 0000ffff 00008200 DPL=0 LDT
TR =0028 c000b380 00000067 00008900 DPL=0 TSS32-avl
GDT=     c000b340 0000002f
IDT=     c000b400 000007ff
CR0=80000011 CR2=00000000 CR3=0014c000 CR4=00000000
DR0=00000000 DR1=00000000 DR2=00000000 DR3=00000000 
DR6=ffff0ff0 DR7=00000400
CCS=00000000 CCD=c101cfbc CCO=EFLAGS
EFER=0000000000000000
Servicing hardware INT=0x20
    42: v=20 e=0000 i=0 cpl=3 IP=001b:00400002 pc=00400002 SP=0023:00403000 env->regs[R_EAX]=c1000020
EAX=c1000020 EBX=001155a0 ECX=00000000 EDX=c1006fec
ESI=00910000 EDI=00102ffc EBP=c000afbc ESP=00403000
EIP=00400002 EFL=00000202 [-------] CPL=3 II=0 A20=1 SMM=0 HLT=0
ES =0023 00000000 ffffffff 00cff300 DPL=3 DS   [-WA]
CS =001b 00000000 ffffffff 00cffa00 DPL=3 CS32 [-R-]
SS =0023 00000000 ffffffff 00cff300 DPL=3 DS   [-WA]
DS =0023 00000000 ffffffff 00cff300 DPL=3 DS   [-WA]
FS =0023 00000000 ffffffff 00cff300 DPL=3 DS   [-WA]
GS =0023 00000000 ffffffff 00cff300 DPL=3 DS   [-WA]
LDT=0000 00000000 0000ffff 00008200 DPL=0 LDT
TR =0028 c000b380 00000067 00008900 DPL=0 TSS32-avl
GDT=     c000b340 0000002f
IDT=     c000b400 000007ff
CR0=80000011 CR2=00000000 CR3=00163000 CR4=00000000
DR0=00000000 DR1=00000000 DR2=00000000 DR3=00000000 
DR6=ffff0ff0 DR7=00000400
CCS=00000000 CCD=c1006fbc CCO=EFLAGS
EFER=0000000000000000
Servicing hardware INT=0x20
    43: v=20 e=0000 i=0 cpl=3 IP=001b:00400002 pc=00400002 SP=0023:00403000 env->regs[R_EAX]=c1000020
EAX=c1000020 EBX=001155a0 ECX=00000000 EDX=c1006fec
ESI=00910000 EDI=00102ffc EBP=c000afbc ESP=00403000
EIP=00400002 EFL=00000202 [-------] CPL=3 II=0 A20=1 SMM=0 HLT=0
ES =0023 00000000 ffffffff 00cff300 DPL=3 DS   [-WA]
CS =001b 00000000 ffffffff 00cffa00 DPL=3 CS32 [-R-]
SS =0023 00000000 ffffffff 00cff300 DPL=3 DS   [-WA]
DS =0023 00000000 ffffffff 00cff300 DPL=3 DS   [-WA]
FS =0023 00000000 ffffffff 00cff300 DPL=3 DS   [-WA]
GS =0023 00000000 ffffffff 00cff300 DPL=3 DS   [-WA]
LDT=0000 00000000 0000ffff 00008200 DPL=0 LDT
TR =0028 c000b380 00000067 00008900 DPL=0 TSS32-avl
GDT=     c000b340 0000002f
IDT=     c000b400 000007ff
CR0=80000011 CR2=00000000 CR3=0017a000 CR4=00000000
DR0=00000000 DR1=00000000 DR2=00000000 DR3=00000000 
DR6=ffff0ff0 DR7=00000400
CCS=00000000 CCD=c100efbc CCO=EFLAGS
EFER=0000000000000000
Servicing hardware INT=0x20
    44: v=20 e=0000 i=0 cpl=3 IP=001b:00400002 pc=00400002 SP=0023:00403000 env->regs[R_EAX]=c1000020
EAX=c1000020 EBX=001155a0 ECX=00000000 EDX=c1006fec
ESI=00910000 EDI=00102ffc EBP=c000afbc ESP=00403000
EIP=00400002 EFL=00000202 [-------] CPL=3 II=0 A20=1 SMM=0 HLT=0
ES =0023 00000000 ffffffff 00cff300 DPL=3 DS   [-WA]
CS =001b 00000000 ffffffff 00cffa00 DPL=3 CS32 [-R-]
SS =0023 00000000 ffffffff 00cff300 DPL=3 DS   [-WA]
DS =0023 00000000 ffffffff 00cff300 DPL=3 DS   [-WA]
FS =0023 00000000 ffffffff 00cff300 DPL=3 DS   [-WA]
GS =0023 00000000 ffffffff 00cff300 DPL=3 DS   [-WA]
LDT=0000 00000000 0000ffff 00008200 DPL=0 LDT
TR =0028 c000b380 00000067 00008900 DPL=0 TSS32-avl
GDT=     c000b340 0000002f
IDT=     c000b400 000007ff
CR0=80000011 CR2=00000000 CR3=00191000 CR4=00000000
DR0=00000000 DR1=00000000 DR2=00000000 DR3=00000000 
DR6=ffff0ff0 DR7=00000400
CCS=00000000 CCD=c1015fbc CCO=EFLAGS
EFER=0000000000000000
Servicing hardware INT=0x20
    45: v=20 e=0000 i=0 cpl=3 IP=001b:00400002 pc=00400002 SP=0023:00403000 env->regs[R_EAX]=c1000020
EAX=c1000020 EBX=001155a0 ECX=00000000 EDX=c1006fec
ESI=00910000 EDI=00102ffc EBP=c000afbc ESP=00403000
EIP=00400002 EFL=00000202 [-------] CPL=3 II=0 A20=1 SMM=0 HLT=0
ES =0023 00000000 ffffffff 00cff300 DPL=3 DS   [-WA]
CS =001b 00000000 ffffffff 00cffa00 DPL=3 CS32 [-R-]
SS =0023 00000000 ffffffff 00cff300 DPL=3 DS   [-WA]
DS =0023 00000000 ffffffff 00cff300 DPL=3 DS   [-WA]
FS =0023 00000000 ffffffff 00cff300 DPL=3 DS   [-WA]
GS =0023 00000000 ffffffff 00cff300 DPL=3 DS   [-WA]
LDT=0000 00000000 0000ffff 00008200 DPL=0 LDT
TR =0028 c000b380 00000067 00008900 DPL=0 TSS32-avl
GDT=     c000b340 0000002f
IDT=     c000b400 000007ff
CR0=80000011 CR2=00000000 CR3=0014c000 CR4=00000000
DR0=00000000 DR1=00000000 DR2=00000000 DR3=00000000 
DR6=ffff0ff0 DR7=00000400
CCS=00000000 CCD=c101cfbc CCO=EFLAGS
EFER=0000000000000000
Servicing hardware INT=0x20
    46: v=20 e=0000 i=0 cpl=3 IP=001b:00400002 pc=00400002 SP=0023:00403000 env->regs[R_EAX]=c1000020
EAX=c1000020 EBX=001155a0 ECX=00000000 EDX=c1006fec
ESI=00910000 EDI=00102ffc EBP=c000afbc ESP=00403000
EIP=00400002 EFL=00000202 [-------] CPL=3 II=0 A20=1 SMM=0 HLT=0
ES =0023 00000000 ffffffff 00cff300 DPL=3 DS   [-WA]
CS =001b 00000000 ffffffff 00cffa00 DPL=3 CS32 [-R-]
SS =0023 00000000 ffffffff 00cff300 DPL=3 DS   [-WA]
DS =0023 00000000 ffffffff 00cff300 DPL=3 DS   [-WA]
FS =0023 00000000 ffffffff 00cff300 DPL=3 DS   [-WA]
GS =0023 00000000 ffffffff 00cff300 DPL=3 DS   [-WA]
LDT=0000 00000000 0000ffff 00008200 DPL=0 LDT
TR =0028 c000b380 00000067 00008900 DPL=0 TSS32-avl
GDT=     c000b340 0000002f
IDT=     c000b400 000007ff
CR0=80000011 CR2=00000000 CR3=00163000 CR4=00000000
DR0=00000000 DR1=00000000 DR2=00000000 DR3=00000000 
DR6=ffff0ff0 DR7=00000400
CCS=00000000 CCD=c1006fbc CCO=EFLAGS
EFER=0000000000000000
Servicing hardware INT=0x20
    47: v=20 e=0000 i=0 cpl=3 IP=001b:00400002 pc=00400002 SP=0023:00403000 env->regs[R_EAX]=c1000020
EAX=c1000020 EBX=001155a0 ECX=00000000 EDX=c1006fec
ESI=00910000 EDI=00102ffc EBP=c000afbc ESP=00403000
EIP=00400002 EFL=00000202 [-------] CPL=3 II=0 A20=1 SMM=0 HLT=0
ES =0023 00000000 ffffffff 00cff300 DPL=3 DS   [-WA]
CS =001b 00000000 ffffffff 00cffa00 DPL=3 CS32 [-R-]
SS =0023 00000000 ffffffff 00cff300 DPL=3 DS   [-WA]
DS =0023 00000000 ffffffff 00cff300 DPL=3 DS   [-WA]
FS =0023 00000000 ffffffff 00cff300 DPL=3 DS   [-WA]
GS =0023 00000000 ffffffff 00cff300 DPL=3 DS   [-WA]
LDT=0000 00000000 0000ffff 00008200 DPL=0 LDT
TR =0028 c000b380 00000067 00008900 DPL=0 TSS32-avl
GDT=     c000b340 0000002f
IDT=     c000b400 000007ff
CR0=80000011 CR2=00000000 CR3=0017a000 CR4=00000000
DR0=00000000 DR1=00000000 DR2=00000000 DR3=00000000 
DR6=ffff0ff0 DR7=00000400
CCS=00000000 CCD=c100efbc CCO=EFLAGS
EFER=0000000000000000
Servicing hardware INT=0x20
    48: v=20 e=0000 i=0 cpl=3 IP=001b:00400002 pc=00400002 SP=0023:00403000 env->regs[R_EAX]=c1000020
EAX=c1000020 EBX=001155a0 ECX=00000000 EDX=c1006fec
ESI=00910000 EDI=00102ffc EBP=c000afbc ESP=00403000
EIP=00400002 EFL=00000202 [-------] CPL=3 II=0 A20=1 SMM=0 HLT=0
ES =0023 00000000 ffffffff 00cff300 DPL=3 DS   [-WA]
CS =001b 00000000 ffffffff 00cffa00 DPL=3 CS32 [-R-]
SS =0023 00000000 ffffffff 00cff300 DPL=3 DS   [-WA]
DS =0023 00000000 ffffffff 00cff300 DPL=3 DS   [-WA]
FS =0023 00000000 ffffffff 00cff300 DPL=3 DS   [-WA]
GS =0023 00000000 ffffffff 00cff300 DPL=3 DS   [-WA]
LDT=0000 00000000 0000ffff 00008200 DPL=0 LDT
TR =0028 c000b380 00000067 00008900 DPL=0 TSS32-avl
GDT=     c000b340 0000002f
IDT=     c000b400 000007ff
CR0=80000011 CR2=00000000 CR3=00191000 CR4=00000000
DR0=00000000 DR1=00000000 DR2=00000000 DR3=00000000 
DR6=ffff0ff0 DR7=00000400
CCS=00000000 CCD=c1015fbc CCO=EFLAGS
EFER=0000000000000000
Servicing hardware INT=0x20
    49: v=20 e=0000 i=0 cpl=3 IP=001b:00400002 pc=00400002 SP=0023:00403000 env->regs[R_EAX]=c1000020
EAX=c1000020 EBX=001155a0 ECX=00000000 EDX=c1006fec
ESI=00910000 EDI=00102ffc EBP=c000afbc ESP=00403000
EIP=00400002 EFL=00000202 [-------] CPL=3 II=0 A20=1 SMM=0 HLT=0
ES =0023 00000000 ffffffff 00cff300 DPL=3 DS   [-WA]
CS =001b 00000000 ffffffff 00cffa00 DPL=3 CS32 [-R-]
SS =0023 00000000 ffffffff 00cff300 DPL=3 DS   [-WA]
DS =0023 00000000 ffffffff 00cff300 DPL=3 DS   [-WA]
FS =0023 00000000 ffffffff 00cff300 DPL=3 DS   [-WA]
GS =0023 00000000 ffffffff 00cff300 DPL=3 DS   [-WA]
LDT=0000 00000000 0000ffff 00008200 DPL=0 LDT
TR =0028 c000b380 00000067 00008900 DPL=0 TSS32-avl
GDT=     c000b340 0000002f
IDT=     c000b400 000007ff
CR0=80000011 CR2=00000000 CR3=0014c000 CR4=00000000
DR0=00000000 DR1=00000000 DR2=00000000 DR3=00000000 
DR6=ffff0ff0 DR7=00000400
CCS=00000000 CCD=c101cfbc CCO=EFLAGS
EFER=0000000000000000
Servicing hardware INT=0x20
    50: v=20 e=0000 i=0 cpl=3 IP=001b:00400002 pc=00400002 SP=0023:00403000 env->regs[R_EAX]=c1000020
EAX=c1000020 EBX=001155a0 ECX=00000000 EDX=c1006fec
ESI=00910000 EDI=00102ffc EBP=c000afbc ESP=00403000
EIP=00400002 EFL=00000202 [-------] CPL=3 II=0 A20=1 SMM=0 HLT=0
ES =0023 00000000 ffffffff 00cff300 DPL=3 DS   [-WA]
CS =001b 00000000 ffffffff 00cffa00 DPL=3 CS32 [-R-]
SS =0023 00000000 ffffffff 00cff300 DPL=3 DS   [-WA]
DS =0023 00000000 ffffffff 00cff300 DPL=3 DS   [-WA]
FS =0023 00000000 ffffffff 00cff300 DPL=3 DS   [-WA]
GS =0023 00000000 ffffffff 00cff300 DPL=3 DS   [-WA]
LDT=0000 00000000 0000ffff 00008200 DPL=0 LDT
TR =0028 c000b380 00000067 00008900 DPL=0 TSS32-avl
GDT=     c000b340 0000002f
IDT=     c000b400 000007ff
CR0=80000011 CR2=00000000 CR3=00163000 CR4=00000000
DR0=00000000 DR1=00000000 DR2=00000000 DR3=00000000 
DR6=ffff0ff0 DR7=00000400
CCS=00000000 CCD=c1006fbc CCO=EFLAGS
EFER=0000000000000000
Servicing hardware INT=0x20
    51: v=20 e=0000 i=0 cpl=3 IP=001b:00400002 pc=00400002 SP=0023:00403000 env->regs[R_EAX]=c1000020
EAX=c1000020 EBX=001155a0 ECX=00000000 EDX=c1006fec
ESI=00910000 EDI=00102ffc EBP=c000afbc ESP=00403000
EIP=00400002 EFL=00000202 [-------] CPL=3 II=0 A20=1 SMM=0 HLT=0
ES =0023 00000000 ffffffff 00cff300 DPL=3 DS   [-WA]
CS =001b 00000000 ffffffff 00cffa00 DPL=3 CS32 [-R-]
SS =0023 00000000 ffffffff 00cff300 DPL=3 DS   [-WA]
DS =0023 00000000 ffffffff 00cff300 DPL=3 DS   [-WA]
FS =0023 00000000 ffffffff 00cff300 DPL=3 DS   [-WA]
GS =0023 00000000 ffffffff 00cff300 DPL=3 DS   [-WA]
LDT=0000 00000000 0000ffff 00008200 DPL=0 LDT
TR =0028 c000b380 00000067 00008900 DPL=0 TSS32-avl
GDT=     c000b340 0000002f
IDT=     c000b400 000007ff
CR0=80000011 CR2=00000000 CR3=0017a000 CR4=00000000
DR0=00000000 DR1=00000000 DR2=00000000 DR3=00000000 
DR6=ffff0ff0 DR7=00000400
CCS=00000000 CCD=c100efbc CCO=EFLAGS
EFER=0000000000000000
Servicing hardware INT=0x20
    52: v=20 e=0000 i=0 cpl=3 IP=001b:00400002 pc=00400002 SP=0023:00403000 env->regs[R_EAX]=c1000020
EAX=c1000020 EBX=001155a0 ECX=00000000 EDX=c1006fec
ESI=00910000 EDI=00102ffc EBP=c000afbc ESP=00403000
EIP=00400002 EFL=00000202 [-------] CPL=3 II=0 A20=1 SMM=0 HLT=0
ES =0023 00000000 ffffffff 00cff300 DPL=3 DS   [-WA]
CS =001b 00000000 ffffffff 00cffa00 DPL=3 CS32 [-R-]
SS =0023 00000000 ffffffff 00cff300 DPL=3 DS   [-WA]
DS =0023 00000000 ffffffff 00cff300 DPL=3 DS   [-WA]
FS =0023 00000000 ffffffff 00cff300 DPL=3 DS   [-WA]
GS =0023 00000000 ffffffff 00cff300 DPL=3 DS   [-WA]
LDT=0000 00000000 0000ffff 00008200 DPL=0 LDT
TR =0028 c000b380 00000067 00008900 DPL=0 TSS32-avl
GDT=     c000b340 0000002f
IDT=     c000b400 000007ff
CR0=80000011 CR2=00000000 CR3=00191000 CR4=00000000
DR0=00000000 DR1=00000000 DR2=00000000 DR3=00000000 
DR6=ffff0ff0 DR7=00000400
CCS=00000000 CCD=c1015fbc CCO=EFLAGS
EFER=0000000000000000
Servicing hardware INT=0x20
    53: v=20 e=0000 i=0 cpl=3 IP=001b:00400002 pc=00400002 SP=0023:00403000 env->regs[R_EAX]=c1000020
EAX=c1000020 EBX=001155a0 ECX=00000000 EDX=c1006fec
ESI=00910000 EDI=00102ffc EBP=c000afbc ESP=00403000
EIP=00400002 EFL=00000202 [-------] CPL=3 II=0 A20=1 SMM=0 HLT=0
ES =0023 00000000 ffffffff 00cff300 DPL=3 DS   [-WA]
CS =001b 00000000 ffffffff 00cffa00 DPL=3 CS32 [-R-]
SS =0023 00000000 ffffffff 00cff300 DPL=3 DS   [-WA]
DS =0023 00000000 ffffffff 00cff300 DPL=3 DS   [-WA]
FS =0023 00000000 ffffffff 00cff300 DPL=3 DS   [-WA]
GS =0023 00000000 ffffffff 00cff300 DPL=3 DS   [-WA]
LDT=0000 00000000 0000ffff 00008200 DPL=0 LDT
TR =0028 c000b380 00000067 00008900 DPL=0 TSS32-avl
GDT=     c000b340 0000002f
IDT=     c000b400 000007ff
CR0=80000011 CR2=00000000 CR3=0014c000 CR4=00000000
DR0=00000000 DR1=00000000 DR2=00000000 DR3=00000000 
DR6=ffff0ff0 DR7=00000400
CCS=00000000 CCD=c101cfbc CCO=EFLAGS
EFER=0000000000000000
Servicing hardware INT=0x20
    54: v=20 e=0000 i=0 cpl=3 IP=001b:00400002 pc=00400002 SP=0023:00403000 env->regs[R_EAX]=c1000020
EAX=c1000020 EBX=001155a0 ECX=00000000 EDX=c1006fec
ESI=00910000 EDI=00102ffc EBP=c000afbc ESP=00403000
EIP=00400002 EFL=00000202 [-------] CPL=3 II=0 A20=1 SMM=0 HLT=0
ES =0023 00000000 ffffffff 00cff300 DPL=3 DS   [-WA]
CS =001b 00000000 ffffffff 00cffa00 DPL=3 CS32 [-R-]
SS =0023 00000000 ffffffff 00cff300 DPL=3 DS   [-WA]
DS =0023 00000000 ffffffff 00cff300 DPL=3 DS   [-WA]
FS =0023 00000000 ffffffff 00cff300 DPL=3 DS   [-WA]
GS =0023 00000000 ffffffff 00cff300 DPL=3 DS   [-WA]
LDT=0000 00000000 0000ffff 00008200 DPL=0 LDT
TR =0028 c000b380 00000067 00008900 DPL=0 TSS32-avl
GDT=     c000b340 0000002f
IDT=     c000b400 000007ff
CR0=80000011 CR2=00000000 CR3=00163000 CR4=00000000
DR0=00000000 DR1=00000000 DR2=00000000 DR3=00000000 
DR6=ffff0ff0 DR7=00000400
CCS=00000000 CCD=c1006fbc CCO=EFLAGS
EFER=0000000000000000
Servicing hardware INT=0x20
    55: v=20 e=0000 i=0 cpl=3 IP=001b:00400002 pc=00400002 SP=0023:00403000 env->regs[R_EAX]=c1000020
EAX=c1000020 EBX=001155a0 ECX=00000000 EDX=c1006fec
ESI=00910000 EDI=00102ffc EBP=c000afbc ESP=00403000
EIP=00400002 EFL=00000202 [-------] CPL=3 II=0 A20=1 SMM=0 HLT=0
ES =0023 00000000 ffffffff 00cff300 DPL=3 DS   [-WA]
CS =001b 00000000 ffffffff 00cffa00 DPL=3 CS32 [-R-]
SS =0023 00000000 ffffffff 00cff300 DPL=3 DS   [-WA]
DS =0023 00000000 ffffffff 00cff300 DPL=3 DS   [-WA]
FS =0023 00000000 ffffffff 00cff300 DPL=3 DS   [-WA]
GS =0023 00000000 ffffffff 00cff300 DPL=3 DS   [-WA]
LDT=0000 00000000 0000ffff 00008200 DPL=0 LDT
TR =0028 c000b380 00000067 00008900 DPL=0 TSS32-avl
GDT=     c000b340 0000002f
IDT=     c000b400 000007ff
CR0=80000011 CR2=00000000 CR3=0017a000 CR4=00000000
DR0=00000000 DR1=00000000 DR2=00000000 DR3=00000000 
DR6=ffff0ff0 DR7=00000400
CCS=00000000 CCD=c100efbc CCO=EFLAGS
EFER=0000000000000000
Servicing hardware INT=0x20
    56: v=20 e=0000 i=0 cpl=3 IP=001b:00400002 pc=00400002 SP=0023:00403000 env->regs[R_EAX]=c1000020
EAX=c1000020 EBX=001155a0 ECX=00000000 EDX=c1006fec
ESI=00910000 EDI=00102ffc EBP=c000afbc ESP=00403000
EIP=00400002 EFL=00000202 [-------] CPL=3 II=0 A20=1 SMM=0 HLT=0
ES =0023 00000000 ffffffff 00cff300 DPL=3 DS   [-WA]
CS =001b 00000000 ffffffff 00cffa00 DPL=3 CS32 [-R-]
SS =0023 00000000 ffffffff 00cff300 DPL=3 DS   [-WA]
DS =0023 00000000 ffffffff 00cff300 DPL=3 DS   [-WA]
FS =0023 00000000 ffffffff 00cff300 DPL=3 DS   [-WA]
GS =0023 00000000 ffffffff 00cff300 DPL=3 DS   [-WA]
LDT=0000 00000000 0000ffff 00008200 DPL=0 LDT
TR =0028 c000b380 00000067 00008900 DPL=0 TSS32-avl
GDT=     c000b340 0000002f
IDT=     c000b400 000007ff
CR0=80000011 CR2=00000000 CR3=00191000 CR4=00000000
DR0=00000000 DR1=00000000 DR2=00000000 DR3=00000000 
DR6=ffff0ff0 DR7=00000400
CCS=00000000 CCD=c1015fbc CCO=EFLAGS
EFER=0000000000000000
Servicing hardware INT=0x20
    57: v=20 e=0000 i=0 cpl=3 IP=001b:00400002 pc=00400002 SP=0023:00403000 env->regs[R_EAX]=c1000020
EAX=c1000020 EBX=001155a0 ECX=00000000 EDX=c1006fec
ESI=00910000 EDI=00102ffc EBP=c000afbc ESP=00403000
EIP=00400002 EFL=00000202 [-------] CPL=3 II=0 A20=1 SMM=0 HLT=0
ES =0023 00000000 ffffffff 00cff300 DPL=3 DS   [-WA]
CS =001b 00000000 ffffffff 00cffa00 DPL=3 CS32 [-R-]
SS =0023 00000000 ffffffff 00cff300 DPL=3 DS   [-WA]
DS =0023 00000000 ffffffff 00cff300 DPL=3 DS   [-WA]
FS =0023 00000000 ffffffff 00cff300 DPL=3 DS   [-WA]
GS =0023 00000000 ffffffff 00cff300 DPL=3 DS   [-WA]
LDT=0000 00000000 0000ffff 00008200 DPL=0 LDT
TR =0028 c000b380 00000067 00008900 DPL=0 TSS32-avl
GDT=     c000b340 0000002f
IDT=     c000b400 000007ff
CR0=80000011 CR2=00000000 CR3=0014c000 CR4=00000000
DR0=00000000 DR1=00000000 DR2=00000000 DR3=00000000 
DR6=ffff0ff0 DR7=00000400
CCS=00000000 CCD=c101cfbc CCO=EFLAGS
EFER=0000000000000000
Servicing hardware INT=0x20
    58: v=20 e=0000 i=0 cpl=3 IP=001b:00400002 pc=00400002 SP=0023:00403000 env->regs[R_EAX]=c1000020
EAX=c1000020 EBX=001155a0 ECX=00000000 EDX=c1006fec
ESI=00910000 EDI=00102ffc EBP=c000afbc ESP=00403000
EIP=00400002 EFL=00000202 [-------] CPL=3 II=0 A20=1 SMM=0 HLT=0
ES =0023 00000000 ffffffff 00cff300 DPL=3 DS   [-WA]
CS =001b 00000000 ffffffff 00cffa00 DPL=3 CS32 [-R-]
SS =0023 00000000 ffffffff 00cff300 DPL=3 DS   [-WA]
DS =0023 00000000 ffffffff 00cff300 DPL=3 DS   [-WA]
FS =0023 00000000 ffffffff 00cff300 DPL=3 DS   [-WA]
GS =0023 00000000 ffffffff 00cff300 DPL=3 DS   [-WA]
LDT=0000 00000000 0000ffff 00008200 DPL=0 LDT
TR =0028 c000b380 00000067 00008900 DPL=0 TSS32-avl
GDT=     c000b340 0000002f
IDT=     c000b400 000007ff
CR0=80000011 CR2=00000000 CR3=00163000 CR4=00000000
DR0=00000000 DR1=00000000 DR2=00000000 DR3=00000000 
DR6=ffff0ff0 DR7=00000400
CCS=00000000 CCD=c1006fbc CCO=EFLAGS
EFER=0000000000000000
Servicing hardware INT=0x20
    59: v=20 e=0000 i=0 cpl=3 IP=001b:00400002 pc=00400002 SP=0023:00403000 env->regs[R_EAX]=c1000020
EAX=c1000020 EBX=001155a0 ECX=00000000 EDX=c1006fec
ESI=00910000 EDI=00102ffc EBP=c000afbc ESP=00403000
EIP=00400002 EFL=00000202 [-------] CPL=3 II=0 A20=1 SMM=0 HLT=0
ES =0023 00000000 ffffffff 00cff300 DPL=3 DS   [-WA]
CS =001b 00000000 ffffffff 00cffa00 DPL=3 CS32 [-R-]
SS =0023 00000000 ffffffff 00cff300 DPL=3 DS   [-WA]
DS =0023 00000000 ffffffff 00cff300 DPL=3 DS   [-WA]
FS =0023 00000000 ffffffff 00cff300 DPL=3 DS   [-WA]
GS =0023 00000000 ffffffff 00cff300 DPL=3 DS   [-WA]
LDT=0000 00000000 0000ffff 00008200 DPL=0 LDT
TR =0028 c000b380 00000067 00008900 DPL=0 TSS32-avl
GDT=     c000b340 0000002f
IDT=     c000b400 000007ff
CR0=80000011 CR2=00000000 CR3=0017a000 CR4=00000000
DR0=00000000 DR1=00000000 DR2=00000000 DR3=00000000 
DR6=ffff0ff0 DR7=00000400
CCS=00000000 CCD=c100efbc CCO=EFLAGS
EFER=0000000000000000
Servicing hardware INT=0x20
    60: v=20 e=0000 i=0 cpl=3 IP=001b:00400002 pc=00400002 SP=0023:00403000 env->regs[R_EAX]=c1000020
EAX=c1000020 EBX=001155a0 ECX=00000000 EDX=c1006fec
ESI=00910000 EDI=00102ffc EBP=c000afbc ESP=00403000
EIP=00400002 EFL=00000202 [-------] CPL=3 II=0 A20=1 SMM=0 HLT=0
ES =0023 00000000 ffffffff 00cff300 DPL=3 DS   [-WA]
CS =001b 00000000 ffffffff 00cffa00 DPL=3 CS32 [-R-]
SS =0023 00000000 ffffffff 00cff300 DPL=3 DS   [-WA]
DS =0023 00000000 ffffffff 00cff300 DPL=3 DS   [-WA]
FS =0023 00000000 ffffffff 00cff300 DPL=3 DS   [-WA]
GS =0023 00000000 ffffffff 00cff300 DPL=3 DS   [-WA]
LDT=0000 00000000 0000ffff 00008200 DPL=0 LDT
TR =0028 c000b380 00000067 00008900 DPL=0 TSS32-avl
GDT=     c000b340 0000002f
IDT=     c000b400 000007ff
CR0=80000011 CR2=00000000 CR3=00191000 CR4=00000000
DR0=00000000 DR1=00000000 DR2=00000000 DR3=00000000 
DR6=ffff0ff0 DR7=00000400
CCS=00000000 CCD=c1015fbc CCO=EFLAGS
EFER=0000000000000000
Servicing hardware INT=0x20
    61: v=20 e=0000 i=0 cpl=3 IP=001b:00400002 pc=00400002 SP=0023:00403000 env->regs[R_EAX]=c1000020
EAX=c1000020 EBX=001155a0 ECX=00000000 EDX=c1006fec
ESI=00910000 EDI=00102ffc EBP=c000afbc ESP=00403000
EIP=00400002 EFL=00000202 [-------] CPL=3 II=0 A20=1 SMM=0 HLT=0
ES =0023 00000000 ffffffff 00cff300 DPL=3 DS   [-WA]
CS =001b 00000000 ffffffff 00cffa00 DPL=3 CS32 [-R-]
SS =0023 00000000 ffffffff 00cff300 DPL=3 DS   [-WA]
DS =0023 00000000 ffffffff 00cff300 DPL=3 DS   [-WA]
FS =0023 00000000 ffffffff 00cff300 DPL=3 DS   [-WA]
GS =0023 00000000 ffffffff 00cff300 DPL=3 DS   [-WA]
LDT=0000 00000000 0000ffff 00008200 DPL=0 LDT
TR =0028 c000b380 00000067 00008900 DPL=0 TSS32-avl
GDT=     c000b340 0000002f
IDT=     c000b400 000007ff
CR0=80000011 CR2=00000000 CR3=0014c000 CR4=00000000
DR0=00000000 DR1=00000000 DR2=00000000 DR3=00000000 
DR6=ffff0ff0 DR7=00000400
CCS=00000000 CCD=c101cfbc CCO=EFLAGS
EFER=0000000000000000
Servicing hardware INT=0x20
    62: v=20 e=0000 i=0 cpl=3 IP=001b:00400002 pc=00400002 SP=0023:00403000 env->regs[R_EAX]=c1000020
EAX=c1000020 EBX=001155a0 ECX=00000000 EDX=c1006fec
ESI=00910000 EDI=00102ffc EBP=c000afbc ESP=00403000
EIP=00400002 EFL=00000202 [-------] CPL=3 II=0 A20=1 SMM=0 HLT=0
ES =0023 00000000 ffffffff 00cff300 DPL=3 DS   [-WA]
CS =001b 00000000 ffffffff 00cffa00 DPL=3 CS32 [-R-]
SS =0023 00000000 ffffffff 00cff300 DPL=3 DS   [-WA]
DS =0023 00000000 ffffffff 00cff300 DPL=3 DS   [-WA]
FS =0023 00000000 ffffffff 00cff300 DPL=3 DS   [-WA]
GS =0023 00000000 ffffffff 00cff300 DPL=3 DS   [-WA]
LDT=0000 00000000 0000ffff 00008200 DPL=0 LDT
TR =0028 c000b380 00000067 00008900 DPL=0 TSS32-avl
GDT=     c000b340 0000002f
IDT=     c000b400 000007ff
CR0=80000011 CR2=00000000 CR3=00163000 CR4=00000000
DR0=00000000 DR1=00000000 DR2=00000000 DR3=00000000 
DR6=ffff0ff0 DR7=00000400
CCS=00000000 CCD=c1006fbc CCO=EFLAGS
EFER=0000000000000000
Servicing hardware INT=0x20
    63: v=20 e=0000 i=0 cpl=3 IP=001b:00400002 pc=00400002 SP=0023:00403000 env->regs[R_EAX]=c1000020
EAX=c1000020 EBX=001155a0 ECX=00000000 EDX=c1006fec
ESI=00910000 EDI=00102ffc EBP=c000afbc ESP=00403000
EIP=00400002 EFL=00000202 [-------] CPL=3 II=0 A20=1 SMM=0 HLT=0
ES =0023 00000000 ffffffff 00cff300 DPL=3 DS   [-WA]
CS =001b 00000000 ffffffff 00cffa00 DPL=3 CS32 [-R-]
SS =0023 00000000 ffffffff 00cff300 DPL=3 DS   [-WA]
DS =0023 00000000 ffffffff 00cff300 DPL=3 DS   [-WA]
FS =0023 00000000 ffffffff 00cff300 DPL=3 DS   [-WA]
GS =0023 00000000 ffffffff 00cff300 DPL=3 DS   [-WA]
LDT=0000 00000000 0000ffff 00008200 DPL=0 LDT
TR =0028 c000b380 00000067 00008900 DPL=0 TSS32-avl
GDT=     c000b340 0000002f
IDT=     c000b400 000007ff
CR0=80000011 CR2=00000000 CR3=0017a000 CR4=00000000
DR0=00000000 DR1=00000000 DR2=00000000 DR3=00000000 
DR6=ffff0ff0 DR7=00000400
CCS=00000000 CCD=c100efbc CCO=EFLAGS
EFER=0000000000000000
Servicing hardware INT=0x20
    64: v=20 e=0000 i=0 cpl=3 IP=001b:00400002 pc=00400002 SP=0023:00403000 env->regs[R_EAX]=c1000020
EAX=c1000020 EBX=001155a0 ECX=00000000 EDX=c1006fec
ESI=00910000 EDI=00102ffc EBP=c000afbc ESP=00403000
EIP=00400002 EFL=00000202 [-------] CPL=3 II=0 A20=1 SMM=0 HLT=0
ES =0023 00000000 ffffffff 00cff300 DPL=3 DS   [-WA]
CS =001b 00000000 ffffffff 00cffa00 DPL=3 CS32 [-R-]
SS =0023 00000000 ffffffff 00cff300 DPL=3 DS   [-WA]
DS =0023 00000000 ffffffff 00cff300 DPL=3 DS   [-WA]
FS =0023 00000000 ffffffff 00cff300 DPL=3 DS   [-WA]
GS =0023 00000000 ffffffff 00cff300 DPL=3 DS   [-WA]
LDT=0000 00000000 0000ffff 00008200 DPL=0 LDT
TR =0028 c000b380 00000067 00008900 DPL=0 TSS32-avl
GDT=     c000b340 0000002f
IDT=     c000b400 000007ff
CR0=80000011 CR2=00000000 CR3=00191000 CR4=00000000
DR0=00000000 DR1=00000000 DR2=00000000 DR3=00000000 
DR6=ffff0ff0 DR7=00000400
CCS=00000000 CCD=c1015fbc CCO=EFLAGS
EFER=0000000000000000
Servicing hardware INT=0x20
    65: v=20 e=0000 i=0 cpl=3 IP=001b:00400002 pc=00400002 SP=0023:00403000 env->regs[R_EAX]=c1000020
EAX=c1000020 EBX=001155a0 ECX=00000000 EDX=c1006fec
ESI=00910000 EDI=00102ffc EBP=c000afbc ESP=00403000
EIP=00400002 EFL=00000202 [-------] CPL=3 II=0 A20=1 SMM=0 HLT=0
ES =0023 00000000 ffffffff 00cff300 DPL=3 DS   [-WA]
CS =001b 00000000 ffffffff 00cffa00 DPL=3 CS32 [-R-]
SS =0023 00000000 ffffffff 00cff300 DPL=3 DS   [-WA]
DS =0023 00000000 ffffffff 00cff300 DPL=3 DS   [-WA]
FS =0023 00000000 ffffffff 00cff300 DPL=3 DS   [-WA]
GS =0023 00000000 ffffffff 00cff300 DPL=3 DS   [-WA]
LDT=0000 00000000 0000ffff 00008200 DPL=0 LDT
TR =0028 c000b380 00000067 00008900 DPL=0 TSS32-avl
GDT=     c000b340 0000002f
IDT=     c000b400 000007ff
CR0=80000011 CR2=00000000 CR3=0014c000 CR4=00000000
DR0=00000000 DR1=00000000 DR2=00000000 DR3=00000000 
DR6=ffff0ff0 DR7=00000400
CCS=00000000 CCD=c101cfbc CCO=EFLAGS
EFER=0000000000000000
Servicing hardware INT=0x20
    66: v=20 e=0000 i=0 cpl=3 IP=001b:00400002 pc=00400002 SP=0023:00403000 env->regs[R_EAX]=c1000020
EAX=c1000020 EBX=001155a0 ECX=00000000 EDX=c1006fec
ESI=00910000 EDI=00102ffc EBP=c000afbc ESP=00403000
EIP=00400002 EFL=00000202 [-------] CPL=3 II=0 A20=1 SMM=0 HLT=0
ES =0023 00000000 ffffffff 00cff300 DPL=3 DS   [-WA]
CS =001b 00000000 ffffffff 00cffa00 DPL=3 CS32 [-R-]
SS =0023 00000000 ffffffff 00cff300 DPL=3 DS   [-WA]
DS =0023 00000000 ffffffff 00cff300 DPL=3 DS   [-WA]
FS =0023 00000000 ffffffff 00cff300 DPL=3 DS   [-WA]
GS =0023 00000000 ffffffff 00cff300 DPL=3 DS   [-WA]
LDT=0000 00000000 0000ffff 00008200 DPL=0 LDT
TR =0028 c000b380 00000067 00008900 DPL=0 TSS32-avl
GDT=     c000b340 0000002f
IDT=     c000b400 000007ff
CR0=80000011 CR2=00000000 CR3=00163000 CR4=00000000
DR0=00000000 DR1=00000000 DR2=00000000 DR3=00000000 
DR6=ffff0ff0 DR7=00000400
CCS=00000000 CCD=c1006fbc CCO=EFLAGS
EFER=0000000000000000
Servicing hardware INT=0x20
    67: v=20 e=0000 i=0 cpl=3 IP=001b:00400002 pc=00400002 SP=0023:00403000 env->regs[R_EAX]=c1000020
EAX=c1000020 EBX=001155a0 ECX=00000000 EDX=c1006fec
ESI=00910000 EDI=00102ffc EBP=c000afbc ESP=00403000
EIP=00400002 EFL=00000202 [-------] CPL=3 II=0 A20=1 SMM=0 HLT=0
ES =0023 00000000 ffffffff 00cff300 DPL=3 DS   [-WA]
CS =001b 00000000 ffffffff 00cffa00 DPL=3 CS32 [-R-]
SS =0023 00000000 ffffffff 00cff300 DPL=3 DS   [-WA]
DS =0023 00000000 ffffffff 00cff300 DPL=3 DS   [-WA]
FS =0023 00000000 ffffffff 00cff300 DPL=3 DS   [-WA]
GS =0023 00000000 ffffffff 00cff300 DPL=3 DS   [-WA]
LDT=0000 00000000 0000ffff 00008200 DPL=0 LDT
TR =0028 c000b380 00000067 00008900 DPL=0 TSS32-avl
GDT=     c000b340 0000002f
IDT=     c000b400 000007ff
CR0=80000011 CR2=00000000 CR3=0017a000 CR4=00000000
DR0=00000000 DR1=00000000 DR2=00000000 DR3=00000000 
DR6=ffff0ff0 DR7=00000400
CCS=00000000 CCD=c100efbc CCO=EFLAGS
EFER=0000000000000000
Servicing hardware INT=0x20
    68: v=20 e=0000 i=0 cpl=3 IP=001b:00400002 pc=00400002 SP=0023:00403000 env->regs[R_EAX]=c1000020
EAX=c1000020 EBX=001155a0 ECX=00000000 EDX=c1006fec
ESI=00910000 EDI=00102ffc EBP=c000afbc ESP=00403000
EIP=00400002 EFL=00000202 [-------] CPL=3 II=0 A20=1 SMM=0 HLT=0
ES =0023 00000000 ffffffff 00cff300 DPL=3 DS   [-WA]
CS =001b 00000000 ffffffff 00cffa00 DPL=3 CS32 [-R-]
SS =0023 00000000 ffffffff 00cff300 DPL=3 DS   [-WA]
DS =0023 00000000 ffffffff 00cff300 DPL=3 DS   [-WA]
FS =0023 00000000 ffffffff 00cff300 DPL=3 DS   [-WA]
GS =0023 00000000 ffffffff 00cff300 DPL=3 DS   [-WA]
LDT=0000 00000000 0000ffff 00008200 DPL=0 LDT
TR =0028 c000b380 00000067 00008900 DPL=0 TSS32-avl
GDT=     c000b340 0000002f
IDT=     c000b400 000007ff
CR0=80000011 CR2=00000000 CR3=00191000 CR4=00000000
DR0=00000000 DR1=00000000 DR2=00000000 DR3=00000000 
DR6=ffff0ff0 DR7=00000400
CCS=00000000 CCD=c1015fbc CCO=EFLAGS
EFER=0000000000000000
Servicing hardware INT=0x20
    69: v=20 e=0000 i=0 cpl=3 IP=001b:00400002 pc=00400002 SP=0023:00403000 env->regs[R_EAX]=c1000020
EAX=c1000020 EBX=001155a0 ECX=00000000 EDX=c1006fec
ESI=00910000 EDI=00102ffc EBP=c000afbc ESP=00403000
EIP=00400002 EFL=00000202 [-------] CPL=3 II=0 A20=1 SMM=0 HLT=0
ES =0023 00000000 ffffffff 00cff300 DPL=3 DS   [-WA]
CS =001b 00000000 ffffffff 00cffa00 DPL=3 CS32 [-R-]
SS =0023 00000000 ffffffff 00cff300 DPL=3 DS   [-WA]
DS =0023 00000000 ffffffff 00cff300 DPL=3 DS   [-WA]
FS =0023 00000000 ffffffff 00cff300 DPL=3 DS   [-WA]
GS =0023 00000000 ffffffff 00cff300 DPL=3 DS   [-WA]
LDT=0000 00000000 0000ffff 00008200 DPL=0 LDT
TR =0028 c000b380 00000067 00008900 DPL=0 TSS32-avl
GDT=     c000b340 0000002f
IDT=     c000b400 000007ff
CR0=80000011 CR2=00000000 CR3=0014c000 CR4=00000000
DR0=00000000 DR1=00000000 DR2=00000000 DR3=00000000 
DR6=ffff0ff0 DR7=00000400
CCS=00000000 CCD=c101cfbc CCO=EFLAGS
EFER=0000000000000000
Servicing hardware INT=0x20
    70: v=20 e=0000 i=0 cpl=3 IP=001b:00400002 pc=00400002 SP=0023:00403000 env->regs[R_EAX]=c1000020
EAX=c1000020 EBX=001155a0 ECX=00000000 EDX=c1006fec
ESI=00910000 EDI=00102ffc EBP=c000afbc ESP=00403000
EIP=00400002 EFL=00000202 [-------] CPL=3 II=0 A20=1 SMM=0 HLT=0
ES =0023 00000000 ffffffff 00cff300 DPL=3 DS   [-WA]
CS =001b 00000000 ffffffff 00cffa00 DPL=3 CS32 [-R-]
SS =0023 00000000 ffffffff 00cff300 DPL=3 DS   [-WA]
DS =0023 00000000 ffffffff 00cff300 DPL=3 DS   [-WA]
FS =0023 00000000 ffffffff 00cff300 DPL=3 DS   [-WA]
GS =0023 00000000 ffffffff 00cff300 DPL=3 DS   [-WA]
LDT=0000 00000000 0000ffff 00008200 DPL=0 LDT
TR =0028 c000b380 00000067 00008900 DPL=0 TSS32-avl
GDT=     c000b340 0000002f
IDT=     c000b400 000007ff
CR0=80000011 CR2=00000000 CR3=00163000 CR4=00000000
DR0=00000000 DR1=00000000 DR2=00000000 DR3=00000000 
DR6=ffff0ff0 DR7=00000400
CCS=00000000 CCD=c1006fbc CCO=EFLAGS
EFER=0000000000000000
Servicing hardware INT=0x20
    71: v=20 e=0000 i=0 cpl=3 IP=001b:00400002 pc=00400002 SP=0023:00403000 env->regs[R_EAX]=c1000020
EAX=c1000020 EBX=001155a0 ECX=00000000 EDX=c1006fec
ESI=00910000 EDI=00102ffc EBP=c000afbc ESP=00403000
EIP=00400002 EFL=00000202 [-------] CPL=3 II=0 A20=1 SMM=0 HLT=0
ES =0023 00000000 ffffffff 00cff300 DPL=3 DS   [-WA]
CS =001b 00000000 ffffffff 00cffa00 DPL=3 CS32 [-R-]
SS =0023 00000000 ffffffff 00cff300 DPL=3 DS   [-WA]
DS =0023 00000000 ffffffff 00cff300 DPL=3 DS   [-WA]
FS =0023 00000000 ffffffff 00cff300 DPL=3 DS   [-WA]
GS =0023 00000000 ffffffff 00cff300 DPL=3 DS   [-WA]
LDT=0000 00000000 0000ffff 00008200 DPL=0 LDT
TR =0028 c000b380 00000067 00008900 DPL=0 TSS32-avl
GDT=     c000b340 0000002f
IDT=     c000b400 000007ff
CR0=80000011 CR2=00000000 CR3=0017a000 CR4=00000000
DR0=00000000 DR1=00000000 DR2=00000000 DR3=00000000 
DR6=ffff0ff0 DR7=00000400
CCS=00000000 CCD=c100efbc CCO=EFLAGS
EFER=0000000000000000
Servicing hardware INT=0x20
    72: v=20 e=0000 i=0 cpl=3 IP=001b:00400002 pc=00400002 SP=0023:00403000 env->regs[R_EAX]=c1000020
EAX=c1000020 EBX=001155a0 ECX=00000000 EDX=c1006fec
ESI=00910000 EDI=00102ffc EBP=c000afbc ESP=00403000
EIP=00400002 EFL=00000202 [-------] CPL=3 II=0 A20=1 SMM=0 HLT=0
ES =0023 00000000 ffffffff 00cff300 DPL=3 DS   [-WA]
CS =001b 00000000 ffffffff 00cffa00 DPL=3 CS32 [-R-]
SS =0023 00000000 ffffffff 00cff300 DPL=3 DS   [-WA]
DS =0023 00000000 ffffffff 00cff300 DPL=3 DS   [-WA]
FS =0023 00000000 ffffffff 00cff300 DPL=3 DS   [-WA]
GS =0023 00000000 ffffffff 00cff300 DPL=3 DS   [-WA]
LDT=0000 00000000 0000ffff 00008200 DPL=0 LDT
TR =0028 c000b380 00000067 00008900 DPL=0 TSS32-avl
GDT=     c000b340 0000002f
IDT=     c000b400 000007ff
CR0=80000011 CR2=00000000 CR3=00191000 CR4=00000000
DR0=00000000 DR1=00000000 DR2=00000000 DR3=00000000 
DR6=ffff0ff0 DR7=00000400
CCS=00000000 CCD=c1015fbc CCO=EFLAGS
EFER=0000000000000000
Servicing hardware INT=0x20
    73: v=20 e=0000 i=0 cpl=3 IP=001b:00400002 pc=00400002 SP=0023:00403000 env->regs[R_EAX]=c1000020
EAX=c1000020 EBX=001155a0 ECX=00000000 EDX=c1006fec
ESI=00910000 EDI=00102ffc EBP=c000afbc ESP=00403000
EIP=00400002 EFL=00000202 [-------] CPL=3 II=0 A20=1 SMM=0 HLT=0
ES =0023 00000000 ffffffff 00cff300 DPL=3 DS   [-WA]
CS =001b 00000000 ffffffff 00cffa00 DPL=3 CS32 [-R-]
SS =0023 00000000 ffffffff 00cff300 DPL=3 DS   [-WA]
DS =0023 00000000 ffffffff 00cff300 DPL=3 DS   [-WA]
FS =0023 00000000 ffffffff 00cff300 DPL=3 DS   [-WA]
GS =0023 00000000 ffffffff 00cff300 DPL=3 DS   [-WA]
LDT=0000 00000000 0000ffff 00008200 DPL=0 LDT
TR =0028 c000b380 00000067 00008900 DPL=0 TSS32-avl
GDT=     c000b340 0000002f
IDT=     c000b400 000007ff
CR0=80000011 CR2=00000000 CR3=0014c000 CR4=00000000
DR0=00000000 DR1=00000000 DR2=00000000 DR3=00000000 
DR6=ffff0ff0 DR7=00000400
CCS=00000000 CCD=c101cfbc CCO=EFLAGS
EFER=0000000000000000
Servicing hardware INT=0x20
    74: v=20 e=0000 i=0 cpl=3 IP=001b:00400002 pc=00400002 SP=0023:00403000 env->regs[R_EAX]=c1000020
EAX=c1000020 EBX=001155a0 ECX=00000000 EDX=c1006fec
ESI=00910000 EDI=00102ffc EBP=c000afbc ESP=00403000
EIP=00400002 EFL=00000202 [-------] CPL=3 II=0 A20=1 SMM=0 HLT=0
ES =0023 00000000 ffffffff 00cff300 DPL=3 DS   [-WA]
CS =001b 00000000 ffffffff 00cffa00 DPL=3 CS32 [-R-]
SS =0023 00000000 ffffffff 00cff300 DPL=3 DS   [-WA]
DS =0023 00000000 ffffffff 00cff300 DPL=3 DS   [-WA]
FS =0023 00000000 ffffffff 00cff300 DPL=3 DS   [-WA]
GS =0023 00000000 ffffffff 00cff300 DPL=3 DS   [-WA]
LDT=0000 00000000 0000ffff 00008200 DPL=0 LDT
TR =0028 c000b380 00000067 00008900 DPL=0 TSS32-avl
GDT=     c000b340 0000002f
IDT=     c000b400 000007ff
CR0=80000011 CR2=00000000 CR3=00163000 CR4=00000000
DR0=00000000 DR1=00000000 DR2=00000000 DR3=00000000 
DR6=ffff0ff0 DR7=00000400
CCS=00000000 CCD=c1006fbc CCO=EFLAGS
EFER=0000000000000000
Servicing hardware INT=0x20
    75: v=20 e=0000 i=0 cpl=3 IP=001b:00400002 pc=00400002 SP=0023:00403000 env->regs[R_EAX]=c1000020
EAX=c1000020 EBX=001155a0 ECX=00000000 EDX=c1006fec
ESI=00910000 EDI=00102ffc EBP=c000afbc ESP=00403000
EIP=00400002 EFL=00000202 [-------] CPL=3 II=0 A20=1 SMM=0 HLT=0
ES =0023 00000000 ffffffff 00cff300 DPL=3 DS   [-WA]
CS =001b 00000000 ffffffff 00cffa00 DPL=3 CS32 [-R-]
SS =0023 00000000 ffffffff 00cff300 DPL=3 DS   [-WA]
DS =0023 00000000 ffffffff 00cff300 DPL=3 DS   [-WA]
FS =0023 00000000 ffffffff 00cff300 DPL=3 DS   [-WA]
GS =0023 00000000 ffffffff 00cff300 DPL=3 DS   [-WA]
LDT=0000 00000000 0000ffff 00008200 DPL=0 LDT
TR =0028 c000b380 00000067 00008900 DPL=0 TSS32-avl
GDT=     c000b340 0000002f
IDT=     c000b400 000007ff
CR0=80000011 CR2=00000000 CR3=0017a000 CR4=00000000
DR0=00000000 DR1=00000000 DR2=00000000 DR3=00000000 
DR6=ffff0ff0 DR7=00000400
CCS=00000000 CCD=c100efbc CCO=EFLAGS
EFER=0000000000000000
Servicing hardware INT=0x20
    76: v=20 e=0000 i=0 cpl=3 IP=001b:00400002 pc=00400002 SP=0023:00403000 env->regs[R_EAX]=c1000020
EAX=c1000020 EBX=001155a0 ECX=00000000 EDX=c1006fec
ESI=00910000 EDI=00102ffc EBP=c000afbc ESP=00403000
EIP=00400002 EFL=00000202 [-------] CPL=3 II=0 A20=1 SMM=0 HLT=0
ES =0023 00000000 ffffffff 00cff300 DPL=3 DS   [-WA]
CS =001b 00000000 ffffffff 00cffa00 DPL=3 CS32 [-R-]
SS =0023 00000000 ffffffff 00cff300 DPL=3 DS   [-WA]
DS =0023 00000000 ffffffff 00cff300 DPL=3 DS   [-WA]
FS =0023 00000000 ffffffff 00cff300 DPL=3 DS   [-WA]
GS =0023 00000000 ffffffff 00cff300 DPL=3 DS   [-WA]
LDT=0000 00000000 0000ffff 00008200 DPL=0 LDT
TR =0028 c000b380 00000067 00008900 DPL=0 TSS32-avl
GDT=     c000b340 0000002f
IDT=     c000b400 000007ff
CR0=80000011 CR2=00000000 CR3=00191000 CR4=00000000
DR0=00000000 DR1=00000000 DR2=00000000 DR3=00000000 
DR6=ffff0ff0 DR7=00000400
CCS=00000000 CCD=c1015fbc CCO=EFLAGS
EFER=0000000000000000
Servicing hardware INT=0x20
    77: v=20 e=0000 i=0 cpl=3 IP=001b:00400002 pc=00400002 SP=0023:00403000 env->regs[R_EAX]=c1000020
EAX=c1000020 EBX=001155a0 ECX=00000000 EDX=c1006fec
ESI=00910000 EDI=00102ffc EBP=c000afbc ESP=00403000
EIP=00400002 EFL=00000202 [-------] CPL=3 II=0 A20=1 SMM=0 HLT=0
ES =0023 00000000 ffffffff 00cff300 DPL=3 DS   [-WA]
CS =001b 00000000 ffffffff 00cffa00 DPL=3 CS32 [-R-]
SS =0023 00000000 ffffffff 00cff300 DPL=3 DS   [-WA]
DS =0023 00000000 ffffffff 00cff300 DPL=3 DS   [-WA]
FS =0023 00000000 ffffffff 00cff300 DPL=3 DS   [-WA]
GS =0023 00000000 ffffffff 00cff300 DPL=3 DS   [-WA]
LDT=0000 00000000 0000ffff 00008200 DPL=0 LDT
TR =0028 c000b380 00000067 00008900 DPL=0 TSS32-avl
GDT=     c000b340 0000002f
IDT=     c000b400 000007ff
CR0=80000011 CR2=00000000 CR3=0014c000 CR4=00000000
DR0=00000000 DR1=00000000 DR2=00000000 DR3=00000000 
DR6=ffff0ff0 DR7=00000400
CCS=00000000 CCD=c101cfbc CCO=EFLAGS
EFER=0000000000000000
Servicing hardware INT=0x20
    78: v=20 e=0000 i=0 cpl=3 IP=001b:00400002 pc=00400002 SP=0023:00403000 env->regs[R_EAX]=c1000020
EAX=c1000020 EBX=001155a0 ECX=00000000 EDX=c1006fec
ESI=00910000 EDI=00102ffc EBP=c000afbc ESP=00403000
EIP=00400002 EFL=00000202 [-------] CPL=3 II=0 A20=1 SMM=0 HLT=0
ES =0023 00000000 ffffffff 00cff300 DPL=3 DS   [-WA]
CS =001b 00000000 ffffffff 00cffa00 DPL=3 CS32 [-R-]
SS =0023 00000000 ffffffff 00cff300 DPL=3 DS   [-WA]
DS =0023 00000000 ffffffff 00cff300 DPL=3 DS   [-WA]
FS =0023 00000000 ffffffff 00cff300 DPL=3 DS   [-WA]
GS =0023 00000000 ffffffff 00cff300 DPL=3 DS   [-WA]
LDT=0000 00000000 0000ffff 00008200 DPL=0 LDT
TR =0028 c000b380 00000067 00008900 DPL=0 TSS32-avl
GDT=     c000b340 0000002f
IDT=     c000b400 000007ff
CR0=80000011 CR2=00000000 CR3=00163000 CR4=00000000
DR0=00000000 DR1=00000000 DR2=00000000 DR3=00000000 
DR6=ffff0ff0 DR7=00000400
CCS=00000000 CCD=c1006fbc CCO=EFLAGS
EFER=0000000000000000
Servicing hardware INT=0x20
    79: v=20 e=0000 i=0 cpl=3 IP=001b:00400002 pc=00400002 SP=0023:00403000 env->regs[R_EAX]=c1000020
EAX=c1000020 EBX=001155a0 ECX=00000000 EDX=c1006fec
ESI=00910000 EDI=00102ffc EBP=c000afbc ESP=00403000
EIP=00400002 EFL=00000202 [-------] CPL=3 II=0 A20=1 SMM=0 HLT=0
ES =0023 00000000 ffffffff 00cff300 DPL=3 DS   [-WA]
CS =001b 00000000 ffffffff 00cffa00 DPL=3 CS32 [-R-]
SS =0023 00000000 ffffffff 00cff300 DPL=3 DS   [-WA]
DS =0023 00000000 ffffffff 00cff300 DPL=3 DS   [-WA]
FS =0023 00000000 ffffffff 00cff300 DPL=3 DS   [-WA]
GS =0023 00000000 ffffffff 00cff300 DPL=3 DS   [-WA]
LDT=0000 00000000 0000ffff 00008200 DPL=0 LDT
TR =0028 c000b380 00000067 00008900 DPL=0 TSS32-avl
GDT=     c000b340 0000002f
IDT=     c000b400 000007ff
CR0=80000011 CR2=00000000 CR3=0017a000 CR4=00000000
DR0=00000000 DR1=00000000 DR2=00000000 DR3=00000000 
DR6=ffff0ff0 DR7=00000400
CCS=00000000 CCD=c100efbc CCO=EFLAGS
EFER=0000000000000000
Servicing hardware INT=0x20
    80: v=20 e=0000 i=0 cpl=3 IP=001b:00400002 pc=00400002 SP=0023:00403000 env->regs[R_EAX]=c1000020
EAX=c1000020 EBX=001155a0 ECX=00000000 EDX=c1006fec
ESI=00910000 EDI=00102ffc EBP=c000afbc ESP=00403000
EIP=00400002 EFL=00000202 [-------] CPL=3 II=0 A20=1 SMM=0 HLT=0
ES =0023 00000000 ffffffff 00cff300 DPL=3 DS   [-WA]
CS =001b 00000000 ffffffff 00cffa00 DPL=3 CS32 [-R-]
SS =0023 00000000 ffffffff 00cff300 DPL=3 DS   [-WA]
DS =0023 00000000 ffffffff 00cff300 DPL=3 DS   [-WA]
FS =0023 00000000 ffffffff 00cff300 DPL=3 DS   [-WA]
GS =0023 00000000 ffffffff 00cff300 DPL=3 DS   [-WA]
LDT=0000 00000000 0000ffff 00008200 DPL=0 LDT
TR =0028 c000b380 00000067 00008900 DPL=0 TSS32-avl
GDT=     c000b340 0000002f
IDT=     c000b400 000007ff
CR0=80000011 CR2=00000000 CR3=00191000 CR4=00000000
DR0=00000000 DR1=00000000 DR2=00000000 DR3=00000000 
DR6=ffff0ff0 DR7=00000400
CCS=00000000 CCD=c1015fbc CCO=EFLAGS
EFER=0000000000000000
Servicing hardware INT=0x20
    81: v=20 e=0000 i=0 cpl=3 IP=001b:00400002 pc=00400002 SP=0023:00403000 env->regs[R_EAX]=c1000020
EAX=c1000020 EBX=001155a0 ECX=00000000 EDX=c1006fec
ESI=00910000 EDI=00102ffc EBP=c000afbc ESP=00403000
EIP=00400002 EFL=00000202 [-------] CPL=3 II=0 A20=1 SMM=0 HLT=0
ES =0023 00000000 ffffffff 00cff300 DPL=3 DS   [-WA]
CS =001b 00000000 ffffffff 00cffa00 DPL=3 CS32 [-R-]
SS =0023 00000000 ffffffff 00cff300 DPL=3 DS   [-WA]
DS =0023 00000000 ffffffff 00cff300 DPL=3 DS   [-WA]
FS =0023 00000000 ffffffff 00cff300 DPL=3 DS   [-WA]
GS =0023 00000000 ffffffff 00cff300 DPL=3 DS   [-WA]
LDT=0000 00000000 0000ffff 00008200 DPL=0 LDT
TR =0028 c000b380 00000067 00008900 DPL=0 TSS32-avl
GDT=     c000b340 0000002f
IDT=     c000b400 000007ff
CR0=80000011 CR2=00000000 CR3=0014c000 CR4=00000000
DR0=00000000 DR1=00000000 DR2=00000000 DR3=00000000 
DR6=ffff0ff0 DR7=00000400
CCS=00000000 CCD=c101cfbc CCO=EFLAGS
EFER=0000000000000000
Servicing hardware INT=0x20
    82: v=20 e=0000 i=0 cpl=3 IP=001b:00400002 pc=00400002 SP=0023:00403000 env->regs[R_EAX]=c1000020
EAX=c1000020 EBX=001155a0 ECX=00000000 EDX=c1006fec
ESI=00910000 EDI=00102ffc EBP=c000afbc ESP=00403000
EIP=00400002 EFL=00000202 [-------] CPL=3 II=0 A20=1 SMM=0 HLT=0
ES =0023 00000000 ffffffff 00cff300 DPL=3 DS   [-WA]
CS =001b 00000000 ffffffff 00cffa00 DPL=3 CS32 [-R-]
SS =0023 00000000 ffffffff 00cff300 DPL=3 DS   [-WA]
DS =0023 00000000 ffffffff 00cff300 DPL=3 DS   [-WA]
FS =0023 00000000 ffffffff 00cff300 DPL=3 DS   [-WA]
GS =0023 00000000 ffffffff 00cff300 DPL=3 DS   [-WA]
LDT=0000 00000000 0000ffff 00008200 DPL=0 LDT
TR =0028 c000b380 00000067 00008900 DPL=0 TSS32-avl
GDT=     c000b340 0000002f
IDT=     c000b400 000007ff
CR0=80000011 CR2=00000000 CR3=00163000 CR4=00000000
DR0=00000000 DR1=00000000 DR2=00000000 DR3=00000000 
DR6=ffff0ff0 DR7=00000400
CCS=00000000 CCD=c1006fbc CCO=EFLAGS
EFER=0000000000000000
Servicing hardware INT=0x20
    83: v=20 e=0000 i=0 cpl=3 IP=001b:00400002 pc=00400002 SP=0023:00403000 env->regs[R_EAX]=c1000020
EAX=c1000020 EBX=001155a0 ECX=00000000 EDX=c1006fec
ESI=00910000 EDI=00102ffc EBP=c000afbc ESP=00403000
EIP=00400002 EFL=00000202 [-------] CPL=3 II=0 A20=1 SMM=0 HLT=0
ES =0023 00000000 ffffffff 00cff300 DPL=3 DS   [-WA]
CS =001b 00000000 ffffffff 00cffa00 DPL=3 CS32 [-R-]
SS =0023 00000000 ffffffff 00cff300 DPL=3 DS   [-WA]
DS =0023 00000000 ffffffff 00cff300 DPL=3 DS   [-WA]
FS =0023 00000000 ffffffff 00cff300 DPL=3 DS   [-WA]
GS =0023 00000000 ffffffff 00cff300 DPL=3 DS   [-WA]
LDT=0000 00000000 0000ffff 00008200 DPL=0 LDT
TR =0028 c000b380 00000067 00008900 DPL=0 TSS32-avl
GDT=     c000b340 0000002f
IDT=     c000b400 000007ff
CR0=80000011 CR2=00000000 CR3=0017a000 CR4=00000000
DR0=00000000 DR1=00000000 DR2=00000000 DR3=00000000 
DR6=ffff0ff0 DR7=00000400
CCS=00000000 CCD=c100efbc CCO=EFLAGS
EFER=0000000000000000
Servicing hardware INT=0x20
    84: v=20 e=0000 i=0 cpl=3 IP=001b:00400002 pc=00400002 SP=0023:00403000 env->regs[R_EAX]=c1000020
EAX=c1000020 EBX=001155a0 ECX=00000000 EDX=c1006fec
ESI=00910000 EDI=00102ffc EBP=c000afbc ESP=00403000
EIP=00400002 EFL=00000202 [-------] CPL=3 II=0 A20=1 SMM=0 HLT=0
ES =0023 00000000 ffffffff 00cff300 DPL=3 DS   [-WA]
CS =001b 00000000 ffffffff 00cffa00 DPL=3 CS32 [-R-]
SS =0023 00000000 ffffffff 00cff300 DPL=3 DS   [-WA]
DS =0023 00000000 ffffffff 00cff300 DPL=3 DS   [-WA]
FS =0023 00000000 ffffffff 00cff300 DPL=3 DS   [-WA]
GS =0023 00000000 ffffffff 00cff300 DPL=3 DS   [-WA]
LDT=0000 00000000 0000ffff 00008200 DPL=0 LDT
TR =0028 c000b380 00000067 00008900 DPL=0 TSS32-avl
GDT=     c000b340 0000002f
IDT=     c000b400 000007ff
CR0=80000011 CR2=00000000 CR3=00191000 CR4=00000000
DR0=00000000 DR1=00000000 DR2=00000000 DR3=00000000 
DR6=ffff0ff0 DR7=00000400
CCS=00000000 CCD=c1015fbc CCO=EFLAGS
EFER=0000000000000000
Servicing hardware INT=0x20
    85: v=20 e=0000 i=0 cpl=3 IP=001b:00400002 pc=00400002 SP=0023:00403000 env->regs[R_EAX]=c1000020
EAX=c1000020 EBX=001155a0 ECX=00000000 EDX=c1006fec
ESI=00910000 EDI=00102ffc EBP=c000afbc ESP=00403000
EIP=00400002 EFL=00000202 [-------] CPL=3 II=0 A20=1 SMM=0 HLT=0
ES =0023 00000000 ffffffff 00cff300 DPL=3 DS   [-WA]
CS =001b 00000000 ffffffff 00cffa00 DPL=3 CS32 [-R-]
SS =0023 00000000 ffffffff 00cff300 DPL=3 DS   [-WA]
DS =0023 00000000 ffffffff 00cff300 DPL=3 DS   [-WA]
FS =0023 00000000 ffffffff 00cff300 DPL=3 DS   [-WA]
GS =0023 00000000 ffffffff 00cff300 DPL=3 DS   [-WA]
LDT=0000 00000000 0000ffff 00008200 DPL=0 LDT
TR =0028 c000b380 00000067 00008900 DPL=0 TSS32-avl
GDT=     c000b340 0000002f
IDT=     c000b400 000007ff
CR0=80000011 CR2=00000000 CR3=0014c000 CR4=00000000
DR0=00000000 DR1=00000000 DR2=00000000 DR3=00000000 
DR6=ffff0ff0 DR7=00000400
CCS=00000000 CCD=c101cfbc CCO=EFLAGS
EFER=0000000000000000
Servicing hardware INT=0x20
    86: v=20 e=0000 i=0 cpl=3 IP=001b:00400002 pc=00400002 SP=0023:00403000 env->regs[R_EAX]=c1000020
EAX=c1000020 EBX=001155a0 ECX=00000000 EDX=c1006fec
ESI=00910000 EDI=00102ffc EBP=c000afbc ESP=00403000
EIP=00400002 EFL=00000202 [-------] CPL=3 II=0 A20=1 SMM=0 HLT=0
ES =0023 00000000 ffffffff 00cff300 DPL=3 DS   [-WA]
CS =001b 00000000 ffffffff 00cffa00 DPL=3 CS32 [-R-]
SS =0023 00000000 ffffffff 00cff300 DPL=3 DS   [-WA]
DS =0023 00000000 ffffffff 00cff300 DPL=3 DS   [-WA]
FS =0023 00000000 ffffffff 00cff300 DPL=3 DS   [-WA]
GS =0023 00000000 ffffffff 00cff300 DPL=3 DS   [-WA]
LDT=0000 00000000 0000ffff 00008200 DPL=0 LDT
TR =0028 c000b380 00000067 00008900 DPL=0 TSS32-avl
GDT=     c000b340 0000002f
IDT=     c000b400 000007ff
CR0=80000011 CR2=00000000 CR3=00163000 CR4=00000000
DR0=00000000 DR1=00000000 DR2=00000000 DR3=00000000 
DR6=ffff0ff0 DR7=00000400
CCS=00000000 CCD=c1006fbc CCO=EFLAGS
EFER=0000000000000000
Servicing hardware INT=0x20
    87: v=20 e=0000 i=0 cpl=3 IP=001b:00400002 pc=00400002 SP=0023:00403000 env->regs[R_EAX]=c1000020
EAX=c1000020 EBX=001155a0 ECX=00000000 EDX=c1006fec
ESI=00910000 EDI=00102ffc EBP=c000afbc ESP=00403000
EIP=00400002 EFL=00000202 [-------] CPL=3 II=0 A20=1 SMM=0 HLT=0
ES =0023 00000000 ffffffff 00cff300 DPL=3 DS   [-WA]
CS =001b 00000000 ffffffff 00cffa00 DPL=3 CS32 [-R-]
SS =0023 00000000 ffffffff 00cff300 DPL=3 DS   [-WA]
DS =0023 00000000 ffffffff 00cff300 DPL=3 DS   [-WA]
FS =0023 00000000 ffffffff 00cff300 DPL=3 DS   [-WA]
GS =0023 00000000 ffffffff 00cff300 DPL=3 DS   [-WA]
LDT=0000 00000000 0000ffff 00008200 DPL=0 LDT
TR =0028 c000b380 00000067 00008900 DPL=0 TSS32-avl
GDT=     c000b340 0000002f
IDT=     c000b400 000007ff
CR0=80000011 CR2=00000000 CR3=0017a000 CR4=00000000
DR0=00000000 DR1=00000000 DR2=00000000 DR3=00000000 
DR6=ffff0ff0 DR7=00000400
CCS=00000000 CCD=c100efbc CCO=EFLAGS
EFER=0000000000000000
Servicing hardware INT=0x20
    88: v=20 e=0000 i=0 cpl=3 IP=001b:00400002 pc=00400002 SP=0023:00403000 env->regs[R_EAX]=c1000020
EAX=c1000020 EBX=001155a0 ECX=00000000 EDX=c1006fec
ESI=00910000 EDI=00102ffc EBP=c000afbc ESP=00403000
EIP=00400002 EFL=00000202 [-------] CPL=3 II=0 A20=1 SMM=0 HLT=0
ES =0023 00000000 ffffffff 00cff300 DPL=3 DS   [-WA]
CS =001b 00000000 ffffffff 00cffa00 DPL=3 CS32 [-R-]
SS =0023 00000000 ffffffff 00cff300 DPL=3 DS   [-WA]
DS =0023 00000000 ffffffff 00cff300 DPL=3 DS   [-WA]
FS =0023 00000000 ffffffff 00cff300 DPL=3 DS   [-WA]
GS =0023 00000000 ffffffff 00cff300 DPL=3 DS   [-WA]
LDT=0000 00000000 0000ffff 00008200 DPL=0 LDT
TR =0028 c000b380 00000067 00008900 DPL=0 TSS32-avl
GDT=     c000b340 0000002f
IDT=     c000b400 000007ff
CR0=80000011 CR2=00000000 CR3=00191000 CR4=00000000
DR0=00000000 DR1=00000000 DR2=00000000 DR3=00000000 
DR6=ffff0ff0 DR7=00000400
CCS=00000000 CCD=c1015fbc CCO=EFLAGS
EFER=0000000000000000
Servicing hardware INT=0x20
    89: v=20 e=0000 i=0 cpl=3 IP=001b:00400002 pc=00400002 SP=0023:00403000 env->regs[R_EAX]=c1000020
EAX=c1000020 EBX=001155a0 ECX=00000000 EDX=c1006fec
ESI=00910000 EDI=00102ffc EBP=c000afbc ESP=00403000
EIP=00400002 EFL=00000202 [-------] CPL=3 II=0 A20=1 SMM=0 HLT=0
ES =0023 00000000 ffffffff 00cff300 DPL=3 DS   [-WA]
CS =001b 00000000 ffffffff 00cffa00 DPL=3 CS32 [-R-]
SS =0023 00000000 ffffffff 00cff300 DPL=3 DS   [-WA]
DS =0023 00000000 ffffffff 00cff300 DPL=3 DS   [-WA]
FS =0023 00000000 ffffffff 00cff300 DPL=3 DS   [-WA]
GS =0023 00000000 ffffffff 00cff300 DPL=3 DS   [-WA]
LDT=0000 00000000 0000ffff 00008200 DPL=0 LDT
TR =0028 c000b380 00000067 00008900 DPL=0 TSS32-avl
GDT=     c000b340 0000002f
IDT=     c000b400 000007ff
CR0=80000011 CR2=00000000 CR3=0014c000 CR4=00000000
DR0=00000000 DR1=00000000 DR2=00000000 DR3=00000000 
DR6=ffff0ff0 DR7=00000400
CCS=00000000 CCD=c101cfbc CCO=EFLAGS
EFER=0000000000000000
Servicing hardware INT=0x20
    90: v=20 e=0000 i=0 cpl=3 IP=001b:00400002 pc=00400002 SP=0023:00403000 env->regs[R_EAX]=c1000020
EAX=c1000020 EBX=001155a0 ECX=00000000 EDX=c1006fec
ESI=00910000 EDI=00102ffc EBP=c000afbc ESP=00403000
EIP=00400002 EFL=00000202 [-------] CPL=3 II=0 A20=1 SMM=0 HLT=0
ES =0023 00000000 ffffffff 00cff300 DPL=3 DS   [-WA]
CS =001b 00000000 ffffffff 00cffa00 DPL=3 CS32 [-R-]
SS =0023 00000000 ffffffff 00cff300 DPL=3 DS   [-WA]
DS =0023 00000000 ffffffff 00cff300 DPL=3 DS   [-WA]
FS =0023 00000000 ffffffff 00cff300 DPL=3 DS   [-WA]
GS =0023 00000000 ffffffff 00cff300 DPL=3 DS   [-WA]
LDT=0000 00000000 0000ffff 00008200 DPL=0 LDT
TR =0028 c000b380 00000067 00008900 DPL=0 TSS32-avl
GDT=     c000b340 0000002f
IDT=     c000b400 000007ff
CR0=80000011 CR2=00000000 CR3=00163000 CR4=00000000
DR0=00000000 DR1=00000000 DR2=00000000 DR3=00000000 
DR6=ffff0ff0 DR7=00000400
CCS=00000000 CCD=c1006fbc CCO=EFLAGS
EFER=0000000000000000
Servicing hardware INT=0x20
    91: v=20 e=0000 i=0 cpl=3 IP=001b:00400002 pc=00400002 SP=0023:00403000 env->regs[R_EAX]=c1000020
EAX=c1000020 EBX=001155a0 ECX=00000000 EDX=c1006fec
ESI=00910000 EDI=00102ffc EBP=c000afbc ESP=00403000
EIP=00400002 EFL=00000202 [-------] CPL=3 II=0 A20=1 SMM=0 HLT=0
ES =0023 00000000 ffffffff 00cff300 DPL=3 DS   [-WA]
CS =001b 00000000 ffffffff 00cffa00 DPL=3 CS32 [-R-]
SS =0023 00000000 ffffffff 00cff300 DPL=3 DS   [-WA]
DS =0023 00000000 ffffffff 00cff300 DPL=3 DS   [-WA]
FS =0023 00000000 ffffffff 00cff300 DPL=3 DS   [-WA]
GS =0023 00000000 ffffffff 00cff300 DPL=3 DS   [-WA]
LDT=0000 00000000 0000ffff 00008200 DPL=0 LDT
TR =0028 c000b380 00000067 00008900 DPL=0 TSS32-avl
GDT=     c000b340 0000002f
IDT=     c000b400 000007ff
CR0=80000011 CR2=00000000 CR3=0017a000 CR4=00000000
DR0=00000000 DR1=00000000 DR2=00000000 DR3=00000000 
DR6=ffff0ff0 DR7=00000400
CCS=00000000 CCD=c100efbc CCO=EFLAGS
EFER=0000000000000000
Servicing hardware INT=0x20
    92: v=20 e=0000 i=0 cpl=3 IP=001b:00400002 pc=00400002 SP=0023:00403000 env->regs[R_EAX]=c1000020
EAX=c1000020 EBX=001155a0 ECX=00000000 EDX=c1006fec
ESI=00910000 EDI=00102ffc EBP=c000afbc ESP=00403000
EIP=00400002 EFL=00000202 [-------] CPL=3 II=0 A20=1 SMM=0 HLT=0
ES =0023 00000000 ffffffff 00cff300 DPL=3 DS   [-WA]
CS =001b 00000000 ffffffff 00cffa00 DPL=3 CS32 [-R-]
SS =0023 00000000 ffffffff 00cff300 DPL=3 DS   [-WA]
DS =0023 00000000 ffffffff 00cff300 DPL=3 DS   [-WA]
FS =0023 00000000 ffffffff 00cff300 DPL=3 DS   [-WA]
GS =0023 00000000 ffffffff 00cff300 DPL=3 DS   [-WA]
LDT=0000 00000000 0000ffff 00008200 DPL=0 LDT
TR =0028 c000b380 00000067 00008900 DPL=0 TSS32-avl
GDT=     c000b340 0000002f
IDT=     c000b400 000007ff
CR0=80000011 CR2=00000000 CR3=00191000 CR4=00000000
DR0=00000000 DR1=00000000 DR2=00000000 DR3=00000000 
DR6=ffff0ff0 DR7=00000400
CCS=00000000 CCD=c1015fbc CCO=EFLAGS
EFER=0000000000000000
Servicing hardware INT=0x20
    93: v=20 e=0000 i=0 cpl=3 IP=001b:00400002 pc=00400002 SP=0023:00403000 env->regs[R_EAX]=c1000020
EAX=c1000020 EBX=001155a0 ECX=00000000 EDX=c1006fec
ESI=00910000 EDI=00102ffc EBP=c000afbc ESP=00403000
EIP=00400002 EFL=00000202 [-------] CPL=3 II=0 A20=1 SMM=0 HLT=0
ES =0023 00000000 ffffffff 00cff300 DPL=3 DS   [-WA]
CS =001b 00000000 ffffffff 00cffa00 DPL=3 CS32 [-R-]
SS =0023 00000000 ffffffff 00cff300 DPL=3 DS   [-WA]
DS =0023 00000000 ffffffff 00cff300 DPL=3 DS   [-WA]
FS =0023 00000000 ffffffff 00cff300 DPL=3 DS   [-WA]
GS =0023 00000000 ffffffff 00cff300 DPL=3 DS   [-WA]
LDT=0000 00000000 0000ffff 00008200 DPL=0 LDT
TR =0028 c000b380 00000067 00008900 DPL=0 TSS32-avl
GDT=     c000b340 0000002f
IDT=     c000b400 000007ff
CR0=80000011 CR2=00000000 CR3=0014c000 CR4=00000000
DR0=00000000 DR1=00000000 DR2=00000000 DR3=00000000 
DR6=ffff0ff0 DR7=00000400
CCS=00000000 CCD=c101cfbc CCO=EFLAGS
EFER=0000000000000000
Servicing hardware INT=0x20
    94: v=20 e=0000 i=0 cpl=3 IP=001b:00400002 pc=00400002 SP=0023:00403000 env->regs[R_EAX]=c1000020
EAX=c1000020 EBX=001155a0 ECX=00000000 EDX=c1006fec
ESI=00910000 EDI=00102ffc EBP=c000afbc ESP=00403000
EIP=00400002 EFL=00000202 [-------] CPL=3 II=0 A20=1 SMM=0 HLT=0
ES =0023 00000000 ffffffff 00cff300 DPL=3 DS   [-WA]
CS =001b 00000000 ffffffff 00cffa00 DPL=3 CS32 [-R-]
SS =0023 00000000 ffffffff 00cff300 DPL=3 DS   [-WA]
DS =0023 00000000 ffffffff 00cff300 DPL=3 DS   [-WA]
FS =0023 00000000 ffffffff 00cff300 DPL=3 DS   [-WA]
GS =0023 00000000 ffffffff 00cff300 DPL=3 DS   [-WA]
LDT=0000 00000000 0000ffff 00008200 DPL=0 LDT
TR =0028 c000b380 00000067 00008900 DPL=0 TSS32-avl
GDT=     c000b340 0000002f
IDT=     c000b400 000007ff
CR0=80000011 CR2=00000000 CR3=00163000 CR4=00000000
DR0=00000000 DR1=00000000 DR2=00000000 DR3=00000000 
DR6=ffff0ff0 DR7=00000400
CCS=00000000 CCD=c1006fbc CCO=EFLAGS
EFER=0000000000000000
Servicing hardware INT=0x20
    95: v=20 e=0000 i=0 cpl=3 IP=001b:00400002 pc=00400002 SP=0023:00403000 env->regs[R_EAX]=c1000020
EAX=c1000020 EBX=001155a0 ECX=00000000 EDX=c1006fec
ESI=00910000 EDI=00102ffc EBP=c000afbc ESP=00403000
EIP=00400002 EFL=00000202 [-------] CPL=3 II=0 A20=1 SMM=0 HLT=0
ES =0023 00000000 ffffffff 00cff300 DPL=3 DS   [-WA]
CS =001b 00000000 ffffffff 00cffa00 DPL=3 CS32 [-R-]
SS =0023 00000000 ffffffff 00cff300 DPL=3 DS   [-WA]
DS =0023 00000000 ffffffff 00cff300 DPL=3 DS   [-WA]
FS =0023 00000000 ffffffff 00cff300 DPL=3 DS   [-WA]
GS =0023 00000000 ffffffff 00cff300 DPL=3 DS   [-WA]
LDT=0000 00000000 0000ffff 00008200 DPL=0 LDT
TR =0028 c000b380 00000067 00008900 DPL=0 TSS32-avl
GDT=     c000b340 0000002f
IDT=     c000b400 000007ff
CR0=80000011 CR2=00000000 CR3=0017a000 CR4=00000000
DR0=00000000 DR1=00000000 DR2=00000000 DR3=00000000 
DR6=ffff0ff0 DR7=00000400
CCS=00000000 CCD=c100efbc CCO=EFLAGS
EFER=0000000000000000
Servicing hardware INT=0x20
    96: v=20 e=0000 i=0 cpl=3 IP=001b:00400002 pc=00400002 SP=0023:00403000 env->regs[R_EAX]=c1000020
EAX=c1000020 EBX=001155a0 ECX=00000000 EDX=c1006fec
ESI=00910000 EDI=00102ffc EBP=c000afbc ESP=00403000
EIP=00400002 EFL=00000202 [-------] CPL=3 II=0 A20=1 SMM=0 HLT=0
ES =0023 00000000 ffffffff 00cff300 DPL=3 DS   [-WA]
CS =001b 00000000 ffffffff 00cffa00 DPL=3 CS32 [-R-]
SS =0023 00000000 ffffffff 00cff300 DPL=3 DS   [-WA]
DS =0023 00000000 ffffffff 00cff300 DPL=3 DS   [-WA]
FS =0023 00000000 ffffffff 00cff300 DPL=3 DS   [-WA]
GS =0023 00000000 ffffffff 00cff300 DPL=3 DS   [-WA]
LDT=0000 00000000 0000ffff 00008200 DPL=0 LDT
TR =0028 c000b380 00000067 00008900 DPL=0 TSS32-avl
GDT=     c000b340 0000002f
IDT=     c000b400 000007ff
CR0=80000011 CR2=00000000 CR3=00191000 CR4=00000000
DR0=00000000 DR1=00000000 DR2=00000000 DR3=00000000 
DR6=ffff0ff0 DR7=00000400
CCS=00000000 CCD=c1015fbc CCO=EFLAGS
EFER=0000000000000000
Servicing hardware INT=0x20
    97: v=20 e=0000 i=0 cpl=3 IP=001b:00400002 pc=00400002 SP=0023:00403000 env->regs[R_EAX]=c1000020
EAX=c1000020 EBX=001155a0 ECX=00000000 EDX=c1006fec
ESI=00910000 EDI=00102ffc EBP=c000afbc ESP=00403000
EIP=00400002 EFL=00000202 [-------] CPL=3 II=0 A20=1 SMM=0 HLT=0
ES =0023 00000000 ffffffff 00cff300 DPL=3 DS   [-WA]
CS =001b 00000000 ffffffff 00cffa00 DPL=3 CS32 [-R-]
SS =0023 00000000 ffffffff 00cff300 DPL=3 DS   [-WA]
DS =0023 00000000 ffffffff 00cff300 DPL=3 DS   [-WA]
FS =0023 00000000 ffffffff 00cff300 DPL=3 DS   [-WA]
GS =0023 00000000 ffffffff 00cff300 DPL=3 DS   [-WA]
LDT=0000 00000000 0000ffff 00008200 DPL=0 LDT
TR =0028 c000b380 00000067 00008900 DPL=0 TSS32-avl
GDT=     c000b340 0000002f
IDT=     c000b400 000007ff
CR0=80000011 CR2=00000000 CR3=0014c000 CR4=00000000
DR0=00000000 DR1=00000000 DR2=00000000 DR3=00000000 
DR6=ffff0ff0 DR7=00000400
CCS=00000000 CCD=c101cfbc CCO=EFLAGS
EFER=0000000000000000
Servicing hardware INT=0x20
    98: v=20 e=0000 i=0 cpl=3 IP=001b:00400002 pc=00400002 SP=0023:00403000 env->regs[R_EAX]=c1000020
EAX=c1000020 EBX=001155a0 ECX=00000000 EDX=c1006fec
ESI=00910000 EDI=00102ffc EBP=c000afbc ESP=00403000
EIP=00400002 EFL=00000202 [-------] CPL=3 II=0 A20=1 SMM=0 HLT=0
ES =0023 00000000 ffffffff 00cff300 DPL=3 DS   [-WA]
CS =001b 00000000 ffffffff 00cffa00 DPL=3 CS32 [-R-]
SS =0023 00000000 ffffffff 00cff300 DPL=3 DS   [-WA]
DS =0023 00000000 ffffffff 00cff300 DPL=3 DS   [-WA]
FS =0023 00000000 ffffffff 00cff300 DPL=3 DS   [-WA]
GS =0023 00000000 ffffffff 00cff300 DPL=3 DS   [-WA]
LDT=0000 00000000 0000ffff 00008200 DPL=0 LDT
TR =0028 c000b380 00000067 00008900 DPL=0 TSS32-avl
GDT=     c000b340 0000002f
IDT=     c000b400 000007ff
CR0=80000011 CR2=00000000 CR3=00163000 CR4=00000000
DR0=00000000 DR1=00000000 DR2=00000000 DR3=00000000 
DR6=ffff0ff0 DR7=00000400
CCS=00000000 CCD=c1006fbc CCO=EFLAGS
EFER=0000000000000000
Servicing hardware INT=0x20
    99: v=20 e=0000 i=0 cpl=3 IP=001b:00400002 pc=00400002 SP=0023:00403000 env->regs[R_EAX]=c1000020
EAX=c1000020 EBX=001155a0 ECX=00000000 EDX=c1006fec
ESI=00910000 EDI=00102ffc EBP=c000afbc ESP=00403000
EIP=00400002 EFL=00000202 [-------] CPL=3 II=0 A20=1 SMM=0 HLT=0
ES =0023 00000000 ffffffff 00cff300 DPL=3 DS   [-WA]
CS =001b 00000000 ffffffff 00cffa00 DPL=3 CS32 [-R-]
SS =0023 00000000 ffffffff 00cff300 DPL=3 DS   [-WA]
DS =0023 00000000 ffffffff 00cff300 DPL=3 DS   [-WA]
FS =0023 00000000 ffffffff 00cff300 DPL=3 DS   [-WA]
GS =0023 00000000 ffffffff 00cff300 DPL=3 DS   [-WA]
LDT=0000 00000000 0000ffff 00008200 DPL=0 LDT
TR =0028 c000b380 00000067 00008900 DPL=0 TSS32-avl
GDT=     c000b340 0000002f
IDT=     c000b400 000007ff
CR0=80000011 CR2=00000000 CR3=0017a000 CR4=00000000
DR0=00000000 DR1=00000000 DR2=00000000 DR3=00000000 
DR6=ffff0ff0 DR7=00000400
CCS=00000000 CCD=c100efbc CCO=EFLAGS
EFER=0000000000000000
Servicing hardware INT=0x20
   100: v=20 e=0000 i=0 cpl=3 IP=001b:00400002 pc=00400002 SP=0023:00403000 env->regs[R_EAX]=c1000020
EAX=c1000020 EBX=001155a0 ECX=00000000 EDX=c1006fec
ESI=00910000 EDI=00102ffc EBP=c000afbc ESP=00403000
EIP=00400002 EFL=00000202 [-------] CPL=3 II=0 A20=1 SMM=0 HLT=0
ES =0023 00000000 ffffffff 00cff300 DPL=3 DS   [-WA]
CS =001b 00000000 ffffffff 00cffa00 DPL=3 CS32 [-R-]
SS =0023 00000000 ffffffff 00cff300 DPL=3 DS   [-WA]
DS =0023 00000000 ffffffff 00cff300 DPL=3 DS   [-WA]
FS =0023 00000000 ffffffff 00cff300 DPL=3 DS   [-WA]
GS =0023 00000000 ffffffff 00cff300 DPL=3 DS   [-WA]
LDT=0000 00000000 0000ffff 00008200 DPL=0 LDT
TR =0028 c000b380 00000067 00008900 DPL=0 TSS32-avl
GDT=     c000b340 0000002f
IDT=     c000b400 000007ff
CR0=80000011 CR2=00000000 CR3=00191000 CR4=00000000
DR0=00000000 DR1=00000000 DR2=00000000 DR3=00000000 
DR6=ffff0ff0 DR7=00000400
CCS=00000000 CCD=c1015fbc CCO=EFLAGS
EFER=0000000000000000
Servicing hardware INT=0x20
   101: v=20 e=0000 i=0 cpl=3 IP=001b:00400002 pc=00400002 SP=0023:00403000 env->regs[R_EAX]=c1000020
EAX=c1000020 EBX=001155a0 ECX=00000000 EDX=c1006fec
ESI=00910000 EDI=00102ffc EBP=c000afbc ESP=00403000
EIP=00400002 EFL=00000202 [-------] CPL=3 II=0 A20=1 SMM=0 HLT=0
ES =0023 00000000 ffffffff 00cff300 DPL=3 DS   [-WA]
CS =001b 00000000 ffffffff 00cffa00 DPL=3 CS32 [-R-]
SS =0023 00000000 ffffffff 00cff300 DPL=3 DS   [-WA]
DS =0023 00000000 ffffffff 00cff300 DPL=3 DS   [-WA]
FS =0023 00000000 ffffffff 00cff300 DPL=3 DS   [-WA]
GS =0023 00000000 ffffffff 00cff300 DPL=3 DS   [-WA]
LDT=0000 00000000 0000ffff 00008200 DPL=0 LDT
TR =0028 c000b380 00000067 00008900 DPL=0 TSS32-avl
GDT=     c000b340 0000002f
IDT=     c000b400 000007ff
CR0=80000011 CR2=00000000 CR3=0014c000 CR4=00000000
DR0=00000000 DR1=00000000 DR2=00000000 DR3=00000000 
DR6=ffff0ff0 DR7=00000400
CCS=00000000 CCD=c101cfbc CCO=EFLAGS
EFER=0000000000000000
Servicing hardware INT=0x20
   102: v=20 e=0000 i=0 cpl=3 IP=001b:00400002 pc=00400002 SP=0023:00403000 env->regs[R_EAX]=c1000020
EAX=c1000020 EBX=001155a0 ECX=00000000 EDX=c1006fec
ESI=00910000 EDI=00102ffc EBP=c000afbc ESP=00403000
EIP=00400002 EFL=00000202 [-------] CPL=3 II=0 A20=1 SMM=0 HLT=0
ES =0023 00000000 ffffffff 00cff300 DPL=3 DS   [-WA]
CS =001b 00000000 ffffffff 00cffa00 DPL=3 CS32 [-R-]
SS =0023 00000000 ffffffff 00cff300 DPL=3 DS   [-WA]
DS =0023 00000000 ffffffff 00cff300 DPL=3 DS   [-WA]
FS =0023 00000000 ffffffff 00cff300 DPL=3 DS   [-WA]
GS =0023 00000000 ffffffff 00cff300 DPL=3 DS   [-WA]
LDT=0000 00000000 0000ffff 00008200 DPL=0 LDT
TR =0028 c000b380 00000067 00008900 DPL=0 TSS32-avl
GDT=     c000b340 0000002f
IDT=     c000b400 000007ff
CR0=80000011 CR2=00000000 CR3=00163000 CR4=00000000
DR0=00000000 DR1=00000000 DR2=00000000 DR3=00000000 
DR6=ffff0ff0 DR7=00000400
CCS=00000000 CCD=c1006fbc CCO=EFLAGS
EFER=0000000000000000
Servicing hardware INT=0x20
   103: v=20 e=0000 i=0 cpl=3 IP=001b:00400002 pc=00400002 SP=0023:00403000 env->regs[R_EAX]=c1000020
EAX=c1000020 EBX=001155a0 ECX=00000000 EDX=c1006fec
ESI=00910000 EDI=00102ffc EBP=c000afbc ESP=00403000
EIP=00400002 EFL=00000202 [-------] CPL=3 II=0 A20=1 SMM=0 HLT=0
ES =0023 00000000 ffffffff 00cff300 DPL=3 DS   [-WA]
CS =001b 00000000 ffffffff 00cffa00 DPL=3 CS32 [-R-]
SS =0023 00000000 ffffffff 00cff300 DPL=3 DS   [-WA]
DS =0023 00000000 ffffffff 00cff300 DPL=3 DS   [-WA]
FS =0023 00000000 ffffffff 00cff300 DPL=3 DS   [-WA]
GS =0023 00000000 ffffffff 00cff300 DPL=3 DS   [-WA]
LDT=0000 00000000 0000ffff 00008200 DPL=0 LDT
TR =0028 c000b380 00000067 00008900 DPL=0 TSS32-avl
GDT=     c000b340 0000002f
IDT=     c000b400 000007ff
CR0=80000011 CR2=00000000 CR3=0017a000 CR4=00000000
DR0=00000000 DR1=00000000 DR2=00000000 DR3=00000000 
DR6=ffff0ff0 DR7=00000400
CCS=00000000 CCD=c100efbc CCO=EFLAGS
EFER=0000000000000000
Servicing hardware INT=0x20
   104: v=20 e=0000 i=0 cpl=3 IP=001b:00400002 pc=00400002 SP=0023:00403000 env->regs[R_EAX]=c1000020
EAX=c1000020 EBX=001155a0 ECX=00000000 EDX=c1006fec
ESI=00910000 EDI=00102ffc EBP=c000afbc ESP=00403000
EIP=00400002 EFL=00000202 [-------] CPL=3 II=0 A20=1 SMM=0 HLT=0
ES =0023 00000000 ffffffff 00cff300 DPL=3 DS   [-WA]
CS =001b 00000000 ffffffff 00cffa00 DPL=3 CS32 [-R-]
SS =0023 00000000 ffffffff 00cff300 DPL=3 DS   [-WA]
DS =0023 00000000 ffffffff 00cff300 DPL=3 DS   [-WA]
FS =0023 00000000 ffffffff 00cff300 DPL=3 DS   [-WA]
GS =0023 00000000 ffffffff 00cff300 DPL=3 DS   [-WA]
LDT=0000 00000000 0000ffff 00008200 DPL=0 LDT
TR =0028 c000b380 00000067 00008900 DPL=0 TSS32-avl
GDT=     c000b340 0000002f
IDT=     c000b400 000007ff
CR0=80000011 CR2=00000000 CR3=00191000 CR4=00000000
DR0=00000000 DR1=00000000 DR2=00000000 DR3=00000000 
DR6=ffff0ff0 DR7=00000400
CCS=00000000 CCD=c1015fbc CCO=EFLAGS
EFER=0000000000000000
Servicing hardware INT=0x20
   105: v=20 e=0000 i=0 cpl=3 IP=001b:00400002 pc=00400002 SP=0023:00403000 env->regs[R_EAX]=c1000020
EAX=c1000020 EBX=001155a0 ECX=00000000 EDX=c1006fec
ESI=00910000 EDI=00102ffc EBP=c000afbc ESP=00403000
EIP=00400002 EFL=00000202 [-------] CPL=3 II=0 A20=1 SMM=0 HLT=0
ES =0023 00000000 ffffffff 00cff300 DPL=3 DS   [-WA]
CS =001b 00000000 ffffffff 00cffa00 DPL=3 CS32 [-R-]
SS =0023 00000000 ffffffff 00cff300 DPL=3 DS   [-WA]
DS =0023 00000000 ffffffff 00cff300 DPL=3 DS   [-WA]
FS =0023 00000000 ffffffff 00cff300 DPL=3 DS   [-WA]
GS =0023 00000000 ffffffff 00cff300 DPL=3 DS   [-WA]
LDT=0000 00000000 0000ffff 00008200 DPL=0 LDT
TR =0028 c000b380 00000067 00008900 DPL=0 TSS32-avl
GDT=     c000b340 0000002f
IDT=     c000b400 000007ff
CR0=80000011 CR2=00000000 CR3=0014c000 CR4=00000000
DR0=00000000 DR1=00000000 DR2=00000000 DR3=00000000 
DR6=ffff0ff0 DR7=00000400
CCS=00000000 CCD=c101cfbc CCO=EFLAGS
EFER=0000000000000000
Servicing hardware INT=0x20
   106: v=20 e=0000 i=0 cpl=3 IP=001b:00400002 pc=00400002 SP=0023:00403000 env->regs[R_EAX]=c1000020
EAX=c1000020 EBX=001155a0 ECX=00000000 EDX=c1006fec
ESI=00910000 EDI=00102ffc EBP=c000afbc ESP=00403000
EIP=00400002 EFL=00000202 [-------] CPL=3 II=0 A20=1 SMM=0 HLT=0
ES =0023 00000000 ffffffff 00cff300 DPL=3 DS   [-WA]
CS =001b 00000000 ffffffff 00cffa00 DPL=3 CS32 [-R-]
SS =0023 00000000 ffffffff 00cff300 DPL=3 DS   [-WA]
DS =0023 00000000 ffffffff 00cff300 DPL=3 DS   [-WA]
FS =0023 00000000 ffffffff 00cff300 DPL=3 DS   [-WA]
GS =0023 00000000 ffffffff 00cff300 DPL=3 DS   [-WA]
LDT=0000 00000000 0000ffff 00008200 DPL=0 LDT
TR =0028 c000b380 00000067 00008900 DPL=0 TSS32-avl
GDT=     c000b340 0000002f
IDT=     c000b400 000007ff
CR0=80000011 CR2=00000000 CR3=00163000 CR4=00000000
DR0=00000000 DR1=00000000 DR2=00000000 DR3=00000000 
DR6=ffff0ff0 DR7=00000400
CCS=00000000 CCD=c1006fbc CCO=EFLAGS
EFER=0000000000000000
Servicing hardware INT=0x20
   107: v=20 e=0000 i=0 cpl=3 IP=001b:00400002 pc=00400002 SP=0023:00403000 env->regs[R_EAX]=c1000020
EAX=c1000020 EBX=001155a0 ECX=00000000 EDX=c1006fec
ESI=00910000 EDI=00102ffc EBP=c000afbc ESP=00403000
EIP=00400002 EFL=00000202 [-------] CPL=3 II=0 A20=1 SMM=0 HLT=0
ES =0023 00000000 ffffffff 00cff300 DPL=3 DS   [-WA]
CS =001b 00000000 ffffffff 00cffa00 DPL=3 CS32 [-R-]
SS =0023 00000000 ffffffff 00cff300 DPL=3 DS   [-WA]
DS =0023 00000000 ffffffff 00cff300 DPL=3 DS   [-WA]
FS =0023 00000000 ffffffff 00cff300 DPL=3 DS   [-WA]
GS =0023 00000000 ffffffff 00cff300 DPL=3 DS   [-WA]
LDT=0000 00000000 0000ffff 00008200 DPL=0 LDT
TR =0028 c000b380 00000067 00008900 DPL=0 TSS32-avl
GDT=     c000b340 0000002f
IDT=     c000b400 000007ff
CR0=80000011 CR2=00000000 CR3=0017a000 CR4=00000000
DR0=00000000 DR1=00000000 DR2=00000000 DR3=00000000 
DR6=ffff0ff0 DR7=00000400
CCS=00000000 CCD=c100efbc CCO=EFLAGS
EFER=0000000000000000
Servicing hardware INT=0x20
   108: v=20 e=0000 i=0 cpl=3 IP=001b:00400002 pc=00400002 SP=0023:00403000 env->regs[R_EAX]=c1000020
EAX=c1000020 EBX=001155a0 ECX=00000000 EDX=c1006fec
ESI=00910000 EDI=00102ffc EBP=c000afbc ESP=00403000
EIP=00400002 EFL=00000202 [-------] CPL=3 II=0 A20=1 SMM=0 HLT=0
ES =0023 00000000 ffffffff 00cff300 DPL=3 DS   [-WA]
CS =001b 00000000 ffffffff 00cffa00 DPL=3 CS32 [-R-]
SS =0023 00000000 ffffffff 00cff300 DPL=3 DS   [-WA]
DS =0023 00000000 ffffffff 00cff300 DPL=3 DS   [-WA]
FS =0023 00000000 ffffffff 00cff300 DPL=3 DS   [-WA]
GS =0023 00000000 ffffffff 00cff300 DPL=3 DS   [-WA]
LDT=0000 00000000 0000ffff 00008200 DPL=0 LDT
TR =0028 c000b380 00000067 00008900 DPL=0 TSS32-avl
GDT=     c000b340 0000002f
IDT=     c000b400 000007ff
CR0=80000011 CR2=00000000 CR3=00191000 CR4=00000000
DR0=00000000 DR1=00000000 DR2=00000000 DR3=00000000 
DR6=ffff0ff0 DR7=00000400
CCS=00000000 CCD=c1015fbc CCO=EFLAGS
EFER=0000000000000000
Servicing hardware INT=0x20
   109: v=20 e=0000 i=0 cpl=3 IP=001b:00400002 pc=00400002 SP=0023:00403000 env->regs[R_EAX]=c1000020
EAX=c1000020 EBX=001155a0 ECX=00000000 EDX=c1006fec
ESI=00910000 EDI=00102ffc EBP=c000afbc ESP=00403000
EIP=00400002 EFL=00000202 [-------] CPL=3 II=0 A20=1 SMM=0 HLT=0
ES =0023 00000000 ffffffff 00cff300 DPL=3 DS   [-WA]
CS =001b 00000000 ffffffff 00cffa00 DPL=3 CS32 [-R-]
SS =0023 00000000 ffffffff 00cff300 DPL=3 DS   [-WA]
DS =0023 00000000 ffffffff 00cff300 DPL=3 DS   [-WA]
FS =0023 00000000 ffffffff 00cff300 DPL=3 DS   [-WA]
GS =0023 00000000 ffffffff 00cff300 DPL=3 DS   [-WA]
LDT=0000 00000000 0000ffff 00008200 DPL=0 LDT
TR =0028 c000b380 00000067 00008900 DPL=0 TSS32-avl
GDT=     c000b340 0000002f
IDT=     c000b400 000007ff
CR0=80000011 CR2=00000000 CR3=0014c000 CR4=00000000
DR0=00000000 DR1=00000000 DR2=00000000 DR3=00000000 
DR6=ffff0ff0 DR7=00000400
CCS=00000000 CCD=c101cfbc CCO=EFLAGS
EFER=0000000000000000
Servicing hardware INT=0x20
   110: v=20 e=0000 i=0 cpl=3 IP=001b:00400002 pc=00400002 SP=0023:00403000 env->regs[R_EAX]=c1000020
EAX=c1000020 EBX=001155a0 ECX=00000000 EDX=c1006fec
ESI=00910000 EDI=00102ffc EBP=c000afbc ESP=00403000
EIP=00400002 EFL=00000202 [-------] CPL=3 II=0 A20=1 SMM=0 HLT=0
ES =0023 00000000 ffffffff 00cff300 DPL=3 DS   [-WA]
CS =001b 00000000 ffffffff 00cffa00 DPL=3 CS32 [-R-]
SS =0023 00000000 ffffffff 00cff300 DPL=3 DS   [-WA]
DS =0023 00000000 ffffffff 00cff300 DPL=3 DS   [-WA]
FS =0023 00000000 ffffffff 00cff300 DPL=3 DS   [-WA]
GS =0023 00000000 ffffffff 00cff300 DPL=3 DS   [-WA]
LDT=0000 00000000 0000ffff 00008200 DPL=0 LDT
TR =0028 c000b380 00000067 00008900 DPL=0 TSS32-avl
GDT=     c000b340 0000002f
IDT=     c000b400 000007ff
CR0=80000011 CR2=00000000 CR3=00163000 CR4=00000000
DR0=00000000 DR1=00000000 DR2=00000000 DR3=00000000 
DR6=ffff0ff0 DR7=00000400
CCS=00000000 CCD=c1006fbc CCO=EFLAGS
EFER=0000000000000000
Servicing hardware INT=0x20
   111: v=20 e=0000 i=0 cpl=3 IP=001b:00400002 pc=00400002 SP=0023:00403000 env->regs[R_EAX]=c1000020
EAX=c1000020 EBX=001155a0 ECX=00000000 EDX=c1006fec
ESI=00910000 EDI=00102ffc EBP=c000afbc ESP=00403000
EIP=00400002 EFL=00000202 [-------] CPL=3 II=0 A20=1 SMM=0 HLT=0
ES =0023 00000000 ffffffff 00cff300 DPL=3 DS   [-WA]
CS =001b 00000000 ffffffff 00cffa00 DPL=3 CS32 [-R-]
SS =0023 00000000 ffffffff 00cff300 DPL=3 DS   [-WA]
DS =0023 00000000 ffffffff 00cff300 DPL=3 DS   [-WA]
FS =0023 00000000 ffffffff 00cff300 DPL=3 DS   [-WA]
GS =0023 00000000 ffffffff 00cff300 DPL=3 DS   [-WA]
LDT=0000 00000000 0000ffff 00008200 DPL=0 LDT
TR =0028 c000b380 00000067 00008900 DPL=0 TSS32-avl
GDT=     c000b340 0000002f
IDT=     c000b400 000007ff
CR0=80000011 CR2=00000000 CR3=0017a000 CR4=00000000
DR0=00000000 DR1=00000000 DR2=00000000 DR3=00000000 
DR6=ffff0ff0 DR7=00000400
CCS=00000000 CCD=c100efbc CCO=EFLAGS
EFER=0000000000000000
Servicing hardware INT=0x20
   112: v=20 e=0000 i=0 cpl=3 IP=001b:00400002 pc=00400002 SP=0023:00403000 env->regs[R_EAX]=c1000020
EAX=c1000020 EBX=001155a0 ECX=00000000 EDX=c1006fec
ESI=00910000 EDI=00102ffc EBP=c000afbc ESP=00403000
EIP=00400002 EFL=00000202 [-------] CPL=3 II=0 A20=1 SMM=0 HLT=0
ES =0023 00000000 ffffffff 00cff300 DPL=3 DS   [-WA]
CS =001b 00000000 ffffffff 00cffa00 DPL=3 CS32 [-R-]
SS =0023 00000000 ffffffff 00cff300 DPL=3 DS   [-WA]
DS =0023 00000000 ffffffff 00cff300 DPL=3 DS   [-WA]
FS =0023 00000000 ffffffff 00cff300 DPL=3 DS   [-WA]
GS =0023 00000000 ffffffff 00cff300 DPL=3 DS   [-WA]
LDT=0000 00000000 0000ffff 00008200 DPL=0 LDT
TR =0028 c000b380 00000067 00008900 DPL=0 TSS32-avl
GDT=     c000b340 0000002f
IDT=     c000b400 000007ff
CR0=80000011 CR2=00000000 CR3=00191000 CR4=00000000
DR0=00000000 DR1=00000000 DR2=00000000 DR3=00000000 
DR6=ffff0ff0 DR7=00000400
CCS=00000000 CCD=c1015fbc CCO=EFLAGS
EFER=0000000000000000
Servicing hardware INT=0x20
   113: v=20 e=0000 i=0 cpl=3 IP=001b:00400002 pc=00400002 SP=0023:00403000 env->regs[R_EAX]=c1000020
EAX=c1000020 EBX=001155a0 ECX=00000000 EDX=c1006fec
ESI=00910000 EDI=00102ffc EBP=c000afbc ESP=00403000
EIP=00400002 EFL=00000202 [-------] CPL=3 II=0 A20=1 SMM=0 HLT=0
ES =0023 00000000 ffffffff 00cff300 DPL=3 DS   [-WA]
CS =001b 00000000 ffffffff 00cffa00 DPL=3 CS32 [-R-]
SS =0023 00000000 ffffffff 00cff300 DPL=3 DS   [-WA]
DS =0023 00000000 ffffffff 00cff300 DPL=3 DS   [-WA]
FS =0023 00000000 ffffffff 00cff300 DPL=3 DS   [-WA]
GS =0023 00000000 ffffffff 00cff300 DPL=3 DS   [-WA]
LDT=0000 00000000 0000ffff 00008200 DPL=0 LDT
TR =0028 c000b380 00000067 00008900 DPL=0 TSS32-avl
GDT=     c000b340 0000002f
IDT=     c000b400 000007ff
CR0=80000011 CR2=00000000 CR3=0014c000 CR4=00000000
DR0=00000000 DR1=00000000 DR2=00000000 DR3=00000000 
DR6=ffff0ff0 DR7=00000400
CCS=00000000 CCD=c101cfbc CCO=EFLAGS
EFER=0000000000000000
Servicing hardware INT=0x20
   114: v=20 e=0000 i=0 cpl=3 IP=001b:00400002 pc=00400002 SP=0023:00403000 env->regs[R_EAX]=c1000020
EAX=c1000020 EBX=001155a0 ECX=00000000 EDX=c1006fec
ESI=00910000 EDI=00102ffc EBP=c000afbc ESP=00403000
EIP=00400002 EFL=00000202 [-------] CPL=3 II=0 A20=1 SMM=0 HLT=0
ES =0023 00000000 ffffffff 00cff300 DPL=3 DS   [-WA]
CS =001b 00000000 ffffffff 00cffa00 DPL=3 CS32 [-R-]
SS =0023 00000000 ffffffff 00cff300 DPL=3 DS   [-WA]
DS =0023 00000000 ffffffff 00cff300 DPL=3 DS   [-WA]
FS =0023 00000000 ffffffff 00cff300 DPL=3 DS   [-WA]
GS =0023 00000000 ffffffff 00cff300 DPL=3 DS   [-WA]
LDT=0000 00000000 0000ffff 00008200 DPL=0 LDT
TR =0028 c000b380 00000067 00008900 DPL=0 TSS32-avl
GDT=     c000b340 0000002f
IDT=     c000b400 000007ff
CR0=80000011 CR2=00000000 CR3=00163000 CR4=00000000
DR0=00000000 DR1=00000000 DR2=00000000 DR3=00000000 
DR6=ffff0ff0 DR7=00000400
CCS=00000000 CCD=c1006fbc CCO=EFLAGS
EFER=0000000000000000
Servicing hardware INT=0x20
   115: v=20 e=0000 i=0 cpl=3 IP=001b:00400002 pc=00400002 SP=0023:00403000 env->regs[R_EAX]=c1000020
EAX=c1000020 EBX=001155a0 ECX=00000000 EDX=c1006fec
ESI=00910000 EDI=00102ffc EBP=c000afbc ESP=00403000
EIP=00400002 EFL=00000202 [-------] CPL=3 II=0 A20=1 SMM=0 HLT=0
ES =0023 00000000 ffffffff 00cff300 DPL=3 DS   [-WA]
CS =001b 00000000 ffffffff 00cffa00 DPL=3 CS32 [-R-]
SS =0023 00000000 ffffffff 00cff300 DPL=3 DS   [-WA]
DS =0023 00000000 ffffffff 00cff300 DPL=3 DS   [-WA]
FS =0023 00000000 ffffffff 00cff300 DPL=3 DS   [-WA]
GS =0023 00000000 ffffffff 00cff300 DPL=3 DS   [-WA]
LDT=0000 00000000 0000ffff 00008200 DPL=0 LDT
TR =0028 c000b380 00000067 00008900 DPL=0 TSS32-avl
GDT=     c000b340 0000002f
IDT=     c000b400 000007ff
CR0=80000011 CR2=00000000 CR3=0017a000 CR4=00000000
DR0=00000000 DR1=00000000 DR2=00000000 DR3=00000000 
DR6=ffff0ff0 DR7=00000400
CCS=00000000 CCD=c100efbc CCO=EFLAGS
EFER=0000000000000000
Servicing hardware INT=0x20
   116: v=20 e=0000 i=0 cpl=3 IP=001b:00400002 pc=00400002 SP=0023:00403000 env->regs[R_EAX]=c1000020
EAX=c1000020 EBX=001155a0 ECX=00000000 EDX=c1006fec
ESI=00910000 EDI=00102ffc EBP=c000afbc ESP=00403000
EIP=00400002 EFL=00000202 [-------] CPL=3 II=0 A20=1 SMM=0 HLT=0
ES =0023 00000000 ffffffff 00cff300 DPL=3 DS   [-WA]
CS =001b 00000000 ffffffff 00cffa00 DPL=3 CS32 [-R-]
SS =0023 00000000 ffffffff 00cff300 DPL=3 DS   [-WA]
DS =0023 00000000 ffffffff 00cff300 DPL=3 DS   [-WA]
FS =0023 00000000 ffffffff 00cff300 DPL=3 DS   [-WA]
GS =0023 00000000 ffffffff 00cff300 DPL=3 DS   [-WA]
LDT=0000 00000000 0000ffff 00008200 DPL=0 LDT
TR =0028 c000b380 00000067 00008900 DPL=0 TSS32-avl
GDT=     c000b340 0000002f
IDT=     c000b400 000007ff
CR0=80000011 CR2=00000000 CR3=00191000 CR4=00000000
DR0=00000000 DR1=00000000 DR2=00000000 DR3=00000000 
DR6=ffff0ff0 DR7=00000400
CCS=00000000 CCD=c1015fbc CCO=EFLAGS
EFER=0000000000000000
Servicing hardware INT=0x20
   117: v=20 e=0000 i=0 cpl=3 IP=001b:00400002 pc=00400002 SP=0023:00403000 env->regs[R_EAX]=c1000020
EAX=c1000020 EBX=001155a0 ECX=00000000 EDX=c1006fec
ESI=00910000 EDI=00102ffc EBP=c000afbc ESP=00403000
EIP=00400002 EFL=00000202 [-------] CPL=3 II=0 A20=1 SMM=0 HLT=0
ES =0023 00000000 ffffffff 00cff300 DPL=3 DS   [-WA]
CS =001b 00000000 ffffffff 00cffa00 DPL=3 CS32 [-R-]
SS =0023 00000000 ffffffff 00cff300 DPL=3 DS   [-WA]
DS =0023 00000000 ffffffff 00cff300 DPL=3 DS   [-WA]
FS =0023 00000000 ffffffff 00cff300 DPL=3 DS   [-WA]
GS =0023 00000000 ffffffff 00cff300 DPL=3 DS   [-WA]
LDT=0000 00000000 0000ffff 00008200 DPL=0 LDT
TR =0028 c000b380 00000067 00008900 DPL=0 TSS32-avl
GDT=     c000b340 0000002f
IDT=     c000b400 000007ff
CR0=80000011 CR2=00000000 CR3=0014c000 CR4=00000000
DR0=00000000 DR1=00000000 DR2=00000000 DR3=00000000 
DR6=ffff0ff0 DR7=00000400
CCS=00000000 CCD=c101cfbc CCO=EFLAGS
EFER=0000000000000000
Servicing hardware INT=0x20
   118: v=20 e=0000 i=0 cpl=3 IP=001b:00400002 pc=00400002 SP=0023:00403000 env->regs[R_EAX]=c1000020
EAX=c1000020 EBX=001155a0 ECX=00000000 EDX=c1006fec
ESI=00910000 EDI=00102ffc EBP=c000afbc ESP=00403000
EIP=00400002 EFL=00000202 [-------] CPL=3 II=0 A20=1 SMM=0 HLT=0
ES =0023 00000000 ffffffff 00cff300 DPL=3 DS   [-WA]
CS =001b 00000000 ffffffff 00cffa00 DPL=3 CS32 [-R-]
SS =0023 00000000 ffffffff 00cff300 DPL=3 DS   [-WA]
DS =0023 00000000 ffffffff 00cff300 DPL=3 DS   [-WA]
FS =0023 00000000 ffffffff 00cff300 DPL=3 DS   [-WA]
GS =0023 00000000 ffffffff 00cff300 DPL=3 DS   [-WA]
LDT=0000 00000000 0000ffff 00008200 DPL=0 LDT
TR =0028 c000b380 00000067 00008900 DPL=0 TSS32-avl
GDT=     c000b340 0000002f
IDT=     c000b400 000007ff
CR0=80000011 CR2=00000000 CR3=00163000 CR4=00000000
DR0=00000000 DR1=00000000 DR2=00000000 DR3=00000000 
DR6=ffff0ff0 DR7=00000400
CCS=00000000 CCD=c1006fbc CCO=EFLAGS
EFER=0000000000000000
Servicing hardware INT=0x20
   119: v=20 e=0000 i=0 cpl=3 IP=001b:00400002 pc=00400002 SP=0023:00403000 env->regs[R_EAX]=c1000020
EAX=c1000020 EBX=001155a0 ECX=00000000 EDX=c1006fec
ESI=00910000 EDI=00102ffc EBP=c000afbc ESP=00403000
EIP=00400002 EFL=00000202 [-------] CPL=3 II=0 A20=1 SMM=0 HLT=0
ES =0023 00000000 ffffffff 00cff300 DPL=3 DS   [-WA]
CS =001b 00000000 ffffffff 00cffa00 DPL=3 CS32 [-R-]
SS =0023 00000000 ffffffff 00cff300 DPL=3 DS   [-WA]
DS =0023 00000000 ffffffff 00cff300 DPL=3 DS   [-WA]
FS =0023 00000000 ffffffff 00cff300 DPL=3 DS   [-WA]
GS =0023 00000000 ffffffff 00cff300 DPL=3 DS   [-WA]
LDT=0000 00000000 0000ffff 00008200 DPL=0 LDT
TR =0028 c000b380 00000067 00008900 DPL=0 TSS32-avl
GDT=     c000b340 0000002f
IDT=     c000b400 000007ff
CR0=80000011 CR2=00000000 CR3=0017a000 CR4=00000000
DR0=00000000 DR1=00000000 DR2=00000000 DR3=00000000 
DR6=ffff0ff0 DR7=00000400
CCS=00000000 CCD=c100efbc CCO=EFLAGS
EFER=0000000000000000
Servicing hardware INT=0x20
   120: v=20 e=0000 i=0 cpl=3 IP=001b:00400002 pc=00400002 SP=0023:00403000 env->regs[R_EAX]=c1000020
EAX=c1000020 EBX=001155a0 ECX=00000000 EDX=c1006fec
ESI=00910000 EDI=00102ffc EBP=c000afbc ESP=00403000
EIP=00400002 EFL=00000202 [-------] CPL=3 II=0 A20=1 SMM=0 HLT=0
ES =0023 00000000 ffffffff 00cff300 DPL=3 DS   [-WA]
CS =001b 00000000 ffffffff 00cffa00 DPL=3 CS32 [-R-]
SS =0023 00000000 ffffffff 00cff300 DPL=3 DS   [-WA]
DS =0023 00000000 ffffffff 00cff300 DPL=3 DS   [-WA]
FS =0023 00000000 ffffffff 00cff300 DPL=3 DS   [-WA]
GS =0023 00000000 ffffffff 00cff300 DPL=3 DS   [-WA]
LDT=0000 00000000 0000ffff 00008200 DPL=0 LDT
TR =0028 c000b380 00000067 00008900 DPL=0 TSS32-avl
GDT=     c000b340 0000002f
IDT=     c000b400 000007ff
CR0=80000011 CR2=00000000 CR3=00191000 CR4=00000000
DR0=00000000 DR1=00000000 DR2=00000000 DR3=00000000 
DR6=ffff0ff0 DR7=00000400
CCS=00000000 CCD=c1015fbc CCO=EFLAGS
EFER=0000000000000000
Servicing hardware INT=0x20
   121: v=20 e=0000 i=0 cpl=3 IP=001b:00400002 pc=00400002 SP=0023:00403000 env->regs[R_EAX]=c1000020
EAX=c1000020 EBX=001155a0 ECX=00000000 EDX=c1006fec
ESI=00910000 EDI=00102ffc EBP=c000afbc ESP=00403000
EIP=00400002 EFL=00000202 [-------] CPL=3 II=0 A20=1 SMM=0 HLT=0
ES =0023 00000000 ffffffff 00cff300 DPL=3 DS   [-WA]
CS =001b 00000000 ffffffff 00cffa00 DPL=3 CS32 [-R-]
SS =0023 00000000 ffffffff 00cff300 DPL=3 DS   [-WA]
DS =0023 00000000 ffffffff 00cff300 DPL=3 DS   [-WA]
FS =0023 00000000 ffffffff 00cff300 DPL=3 DS   [-WA]
GS =0023 00000000 ffffffff 00cff300 DPL=3 DS   [-WA]
LDT=0000 00000000 0000ffff 00008200 DPL=0 LDT
TR =0028 c000b380 00000067 00008900 DPL=0 TSS32-avl
GDT=     c000b340 0000002f
IDT=     c000b400 000007ff
CR0=80000011 CR2=00000000 CR3=0014c000 CR4=00000000
DR0=00000000 DR1=00000000 DR2=00000000 DR3=00000000 
DR6=ffff0ff0 DR7=00000400
CCS=00000000 CCD=c101cfbc CCO=EFLAGS
EFER=0000000000000000
Servicing hardware INT=0x20
   122: v=20 e=0000 i=0 cpl=3 IP=001b:00400002 pc=00400002 SP=0023:00403000 env->regs[R_EAX]=c1000020
EAX=c1000020 EBX=001155a0 ECX=00000000 EDX=c1006fec
ESI=00910000 EDI=00102ffc EBP=c000afbc ESP=00403000
EIP=00400002 EFL=00000202 [-------] CPL=3 II=0 A20=1 SMM=0 HLT=0
ES =0023 00000000 ffffffff 00cff300 DPL=3 DS   [-WA]
CS =001b 00000000 ffffffff 00cffa00 DPL=3 CS32 [-R-]
SS =0023 00000000 ffffffff 00cff300 DPL=3 DS   [-WA]
DS =0023 00000000 ffffffff 00cff300 DPL=3 DS   [-WA]
FS =0023 00000000 ffffffff 00cff300 DPL=3 DS   [-WA]
GS =0023 00000000 ffffffff 00cff300 DPL=3 DS   [-WA]
LDT=0000 00000000 0000ffff 00008200 DPL=0 LDT
TR =0028 c000b380 00000067 00008900 DPL=0 TSS32-avl
GDT=     c000b340 0000002f
IDT=     c000b400 000007ff
CR0=80000011 CR2=00000000 CR3=00163000 CR4=00000000
DR0=00000000 DR1=00000000 DR2=00000000 DR3=00000000 
DR6=ffff0ff0 DR7=00000400
CCS=00000000 CCD=c1006fbc CCO=EFLAGS
EFER=0000000000000000
Servicing hardware INT=0x20
   123: v=20 e=0000 i=0 cpl=3 IP=001b:00400002 pc=00400002 SP=0023:00403000 env->regs[R_EAX]=c1000020
EAX=c1000020 EBX=001155a0 ECX=00000000 EDX=c1006fec
ESI=00910000 EDI=00102ffc EBP=c000afbc ESP=00403000
EIP=00400002 EFL=00000202 [-------] CPL=3 II=0 A20=1 SMM=0 HLT=0
ES =0023 00000000 ffffffff 00cff300 DPL=3 DS   [-WA]
CS =001b 00000000 ffffffff 00cffa00 DPL=3 CS32 [-R-]
SS =0023 00000000 ffffffff 00cff300 DPL=3 DS   [-WA]
DS =0023 00000000 ffffffff 00cff300 DPL=3 DS   [-WA]
FS =0023 00000000 ffffffff 00cff300 DPL=3 DS   [-WA]
GS =0023 00000000 ffffffff 00cff300 DPL=3 DS   [-WA]
LDT=0000 00000000 0000ffff 00008200 DPL=0 LDT
TR =0028 c000b380 00000067 00008900 DPL=0 TSS32-avl
GDT=     c000b340 0000002f
IDT=     c000b400 000007ff
CR0=80000011 CR2=00000000 CR3=0017a000 CR4=00000000
DR0=00000000 DR1=00000000 DR2=00000000 DR3=00000000 
DR6=ffff0ff0 DR7=00000400
CCS=00000000 CCD=c100efbc CCO=EFLAGS
EFER=0000000000000000
Servicing hardware INT=0x20
   124: v=20 e=0000 i=0 cpl=3 IP=001b:00400002 pc=00400002 SP=0023:00403000 env->regs[R_EAX]=c1000020
EAX=c1000020 EBX=001155a0 ECX=00000000 EDX=c1006fec
ESI=00910000 EDI=00102ffc EBP=c000afbc ESP=00403000
EIP=00400002 EFL=00000202 [-------] CPL=3 II=0 A20=1 SMM=0 HLT=0
ES =0023 00000000 ffffffff 00cff300 DPL=3 DS   [-WA]
CS =001b 00000000 ffffffff 00cffa00 DPL=3 CS32 [-R-]
SS =0023 00000000 ffffffff 00cff300 DPL=3 DS   [-WA]
DS =0023 00000000 ffffffff 00cff300 DPL=3 DS   [-WA]
FS =0023 00000000 ffffffff 00cff300 DPL=3 DS   [-WA]
GS =0023 00000000 ffffffff 00cff300 DPL=3 DS   [-WA]
LDT=0000 00000000 0000ffff 00008200 DPL=0 LDT
TR =0028 c000b380 00000067 00008900 DPL=0 TSS32-avl
GDT=     c000b340 0000002f
IDT=     c000b400 000007ff
CR0=80000011 CR2=00000000 CR3=00191000 CR4=00000000
DR0=00000000 DR1=00000000 DR2=00000000 DR3=00000000 
DR6=ffff0ff0 DR7=00000400
CCS=00000000 CCD=c1015fbc CCO=EFLAGS
EFER=0000000000000000
Servicing hardware INT=0x20
   125: v=20 e=0000 i=0 cpl=3 IP=001b:00400002 pc=00400002 SP=0023:00403000 env->regs[R_EAX]=c1000020
EAX=c1000020 EBX=001155a0 ECX=00000000 EDX=c1006fec
ESI=00910000 EDI=00102ffc EBP=c000afbc ESP=00403000
EIP=00400002 EFL=00000202 [-------] CPL=3 II=0 A20=1 SMM=0 HLT=0
ES =0023 00000000 ffffffff 00cff300 DPL=3 DS   [-WA]
CS =001b 00000000 ffffffff 00cffa00 DPL=3 CS32 [-R-]
SS =0023 00000000 ffffffff 00cff300 DPL=3 DS   [-WA]
DS =0023 00000000 ffffffff 00cff300 DPL=3 DS   [-WA]
FS =0023 00000000 ffffffff 00cff300 DPL=3 DS   [-WA]
GS =0023 00000000 ffffffff 00cff300 DPL=3 DS   [-WA]
LDT=0000 00000000 0000ffff 00008200 DPL=0 LDT
TR =0028 c000b380 00000067 00008900 DPL=0 TSS32-avl
GDT=     c000b340 0000002f
IDT=     c000b400 000007ff
CR0=80000011 CR2=00000000 CR3=0014c000 CR4=00000000
DR0=00000000 DR1=00000000 DR2=00000000 DR3=00000000 
DR6=ffff0ff0 DR7=00000400
CCS=00000000 CCD=c101cfbc CCO=EFLAGS
EFER=0000000000000000
Servicing hardware INT=0x20
   126: v=20 e=0000 i=0 cpl=3 IP=001b:00400002 pc=00400002 SP=0023:00403000 env->regs[R_EAX]=c1000020
EAX=c1000020 EBX=001155a0 ECX=00000000 EDX=c1006fec
ESI=00910000 EDI=00102ffc EBP=c000afbc ESP=00403000
EIP=00400002 EFL=00000202 [-------] CPL=3 II=0 A20=1 SMM=0 HLT=0
ES =0023 00000000 ffffffff 00cff300 DPL=3 DS   [-WA]
CS =001b 00000000 ffffffff 00cffa00 DPL=3 CS32 [-R-]
SS =0023 00000000 ffffffff 00cff300 DPL=3 DS   [-WA]
DS =0023 00000000 ffffffff 00cff300 DPL=3 DS   [-WA]
FS =0023 00000000 ffffffff 00cff300 DPL=3 DS   [-WA]
GS =0023 00000000 ffffffff 00cff300 DPL=3 DS   [-WA]
LDT=0000 00000000 0000ffff 00008200 DPL=0 LDT
TR =0028 c000b380 00000067 00008900 DPL=0 TSS32-avl
GDT=     c000b340 0000002f
IDT=     c000b400 000007ff
CR0=80000011 CR2=00000000 CR3=00163000 CR4=00000000
DR0=00000000 DR1=00000000 DR2=00000000 DR3=00000000 
DR6=ffff0ff0 DR7=00000400
CCS=00000000 CCD=c1006fbc CCO=EFLAGS
EFER=0000000000000000
Servicing hardware INT=0x20
   127: v=20 e=0000 i=0 cpl=3 IP=001b:00400002 pc=00400002 SP=0023:00403000 env->regs[R_EAX]=c1000020
EAX=c1000020 EBX=001155a0 ECX=00000000 EDX=c1006fec
ESI=00910000 EDI=00102ffc EBP=c000afbc ESP=00403000
EIP=00400002 EFL=00000202 [-------] CPL=3 II=0 A20=1 SMM=0 HLT=0
ES =0023 00000000 ffffffff 00cff300 DPL=3 DS   [-WA]
CS =001b 00000000 ffffffff 00cffa00 DPL=3 CS32 [-R-]
SS =0023 00000000 ffffffff 00cff300 DPL=3 DS   [-WA]
DS =0023 00000000 ffffffff 00cff300 DPL=3 DS   [-WA]
FS =0023 00000000 ffffffff 00cff300 DPL=3 DS   [-WA]
GS =0023 00000000 ffffffff 00cff300 DPL=3 DS   [-WA]
LDT=0000 00000000 0000ffff 00008200 DPL=0 LDT
TR =0028 c000b380 00000067 00008900 DPL=0 TSS32-avl
GDT=     c000b340 0000002f
IDT=     c000b400 000007ff
CR0=80000011 CR2=00000000 CR3=0017a000 CR4=00000000
DR0=00000000 DR1=00000000 DR2=00000000 DR3=00000000 
DR6=ffff0ff0 DR7=00000400
CCS=00000000 CCD=c100efbc CCO=EFLAGS
EFER=0000000000000000
Servicing hardware INT=0x20
   128: v=20 e=0000 i=0 cpl=3 IP=001b:00400002 pc=00400002 SP=0023:00403000 env->regs[R_EAX]=c1000020
EAX=c1000020 EBX=001155a0 ECX=00000000 EDX=c1006fec
ESI=00910000 EDI=00102ffc EBP=c000afbc ESP=00403000
EIP=00400002 EFL=00000202 [-------] CPL=3 II=0 A20=1 SMM=0 HLT=0
ES =0023 00000000 ffffffff 00cff300 DPL=3 DS   [-WA]
CS =001b 00000000 ffffffff 00cffa00 DPL=3 CS32 [-R-]
SS =0023 00000000 ffffffff 00cff300 DPL=3 DS   [-WA]
DS =0023 00000000 ffffffff 00cff300 DPL=3 DS   [-WA]
FS =0023 00000000 ffffffff 00cff300 DPL=3 DS   [-WA]
GS =0023 00000000 ffffffff 00cff300 DPL=3 DS   [-WA]
LDT=0000 00000000 0000ffff 00008200 DPL=0 LDT
TR =0028 c000b380 00000067 00008900 DPL=0 TSS32-avl
GDT=     c000b340 0000002f
IDT=     c000b400 000007ff
CR0=80000011 CR2=00000000 CR3=00191000 CR4=00000000
DR0=00000000 DR1=00000000 DR2=00000000 DR3=00000000 
DR6=ffff0ff0 DR7=00000400
CCS=00000000 CCD=c1015fbc CCO=EFLAGS
EFER=0000000000000000
Servicing hardware INT=0x20
   129: v=20 e=0000 i=0 cpl=3 IP=001b:00400002 pc=00400002 SP=0023:00403000 env->regs[R_EAX]=c1000020
EAX=c1000020 EBX=001155a0 ECX=00000000 EDX=c1006fec
ESI=00910000 EDI=00102ffc EBP=c000afbc ESP=00403000
EIP=00400002 EFL=00000202 [-------] CPL=3 II=0 A20=1 SMM=0 HLT=0
ES =0023 00000000 ffffffff 00cff300 DPL=3 DS   [-WA]
CS =001b 00000000 ffffffff 00cffa00 DPL=3 CS32 [-R-]
SS =0023 00000000 ffffffff 00cff300 DPL=3 DS   [-WA]
DS =0023 00000000 ffffffff 00cff300 DPL=3 DS   [-WA]
FS =0023 00000000 ffffffff 00cff300 DPL=3 DS   [-WA]
GS =0023 00000000 ffffffff 00cff300 DPL=3 DS   [-WA]
LDT=0000 00000000 0000ffff 00008200 DPL=0 LDT
TR =0028 c000b380 00000067 00008900 DPL=0 TSS32-avl
GDT=     c000b340 0000002f
IDT=     c000b400 000007ff
CR0=80000011 CR2=00000000 CR3=0014c000 CR4=00000000
DR0=00000000 DR1=00000000 DR2=00000000 DR3=00000000 
DR6=ffff0ff0 DR7=00000400
CCS=00000000 CCD=c101cfbc CCO=EFLAGS
EFER=0000000000000000
Servicing hardware INT=0x20
   130: v=20 e=0000 i=0 cpl=3 IP=001b:00400002 pc=00400002 SP=0023:00403000 env->regs[R_EAX]=c1000020
EAX=c1000020 EBX=001155a0 ECX=00000000 EDX=c1006fec
ESI=00910000 EDI=00102ffc EBP=c000afbc ESP=00403000
EIP=00400002 EFL=00000202 [-------] CPL=3 II=0 A20=1 SMM=0 HLT=0
ES =0023 00000000 ffffffff 00cff300 DPL=3 DS   [-WA]
CS =001b 00000000 ffffffff 00cffa00 DPL=3 CS32 [-R-]
SS =0023 00000000 ffffffff 00cff300 DPL=3 DS   [-WA]
DS =0023 00000000 ffffffff 00cff300 DPL=3 DS   [-WA]
FS =0023 00000000 ffffffff 00cff300 DPL=3 DS   [-WA]
GS =0023 00000000 ffffffff 00cff300 DPL=3 DS   [-WA]
LDT=0000 00000000 0000ffff 00008200 DPL=0 LDT
TR =0028 c000b380 00000067 00008900 DPL=0 TSS32-avl
GDT=     c000b340 0000002f
IDT=     c000b400 000007ff
CR0=80000011 CR2=00000000 CR3=00163000 CR4=00000000
DR0=00000000 DR1=00000000 DR2=00000000 DR3=00000000 
DR6=ffff0ff0 DR7=00000400
CCS=00000000 CCD=c1006fbc CCO=EFLAGS
EFER=0000000000000000
